first_block_height_in_kth_adjustment_list,last_block_height_in_kth_adjustment,total_t,avg_t_min,avg_t_sec,block_difficulty,estimated_hash_rate
1,32255,511384.56666666514,15.854427737301663,951.2656642380998,1.0,4515002.966537199
32256,34271,18285.049999999992,9.069965277777774,544.1979166666664,1.182899534312841,9335785.122895302
34272,36287,19577.31666666664,9.710970568783056,582.6582341269833,1.305062131591525,9620046.274351738
36288,38303,14907.600000000008,7.394642857142861,443.6785714285717,1.344224970771029,13012578.609191613
38304,40319,14518.933333333329,7.20185185185185,432.111111111111,1.818648536145414,18076452.52531897
40320,42335,13502.166666666664,6.697503306878306,401.8501984126984,2.527738215072359,27016418.081833478
42336,44351,16834.500000000004,8.35044642857143,501.02678571428584,3.781179252033766,32413518.97912254
44352,46367,20019.500000000022,9.93030753968255,595.818452380953,4.531081750070693,32662378.706615217
46368,48383,15133.84999999999,7.506870039682535,450.41220238095207,4.56516291033707,43531736.70065535
48384,50399,15698.266666666654,7.786838624338618,467.21031746031707,6.085476906000794,55942523.773689225
50400,52415,13754.71666666667,6.822776124338627,409.3665674603176,7.819796993353832,82043271.28172116
52416,54431,17989.166666666642,8.92319775132274,535.3918650793644,11.46431580551412,91967892.43034178
54432,56447,21873.06666666666,10.849735449735446,650.9841269841268,12.84918314782378,84774450.117373
56448,58463,14371.033333333298,7.12848875661374,427.7093253968244,11.84622814970471,118957337.2914681
58464,60479,19289.050000000014,9.567981150793658,574.0788690476195,16.61907875185736,124335528.7528534
60480,62495,18071.18333333336,8.963880621693134,537.832837301588,17.38148815814011,138803208.01825953
62496,64511,16649.016666666656,8.258440806878301,495.5064484126981,19.40479632838217,168197539.87646896
64512,66527,10443.400000000001,5.180257936507937,310.8154761904762,23.50125722290317,324749373.56528497
66528,68543,4831.050000000006,2.3963541666666694,143.78125000000017,45.38582234101263,1355744387.0929983
68544,70559,14988.383333333324,7.43471395502645,446.082837301587,181.5432893640505,1747932055.2736442
70560,72575,14006.983333333319,6.947908399470893,416.8745039682536,244.2132230923753,2516075692.919758
72576,74591,13876.199999999973,6.883035714285701,412.9821428571421,352.1612090680101,3662436504.8881307
74592,76607,16562.249999999978,8.215401785714274,492.9241071428564,511.7735342566043,4459206926.054085
76608,78623,17640.76666666666,8.750380291005287,525.0228174603172,623.3869598689275,5099638561.122681
78624,80639,15660.783333333331,7.7682457010582,466.094742063492,712.8848645520973,6569087575.43453
80640,82655,14032.816666666688,6.960722552910063,417.6433531746038,917.8307413015116,9438802239.252632
82656,84671,19294.049999999996,9.570461309523807,574.2276785714284,1318.670050153592,9863064688.408005
84672,86687,12932.299999999994,6.414831349206346,384.88988095238074,1378.028165037326,15377348677.385633
86688,88703,14023.799999999972,6.9562499999999865,417.3749999999992,2149.021814946726,22114353791.16327
88704,90719,13752.583333333321,6.821717923280417,409.303075396825,3091.736890411797,32442729191.031162
90720,92735,13348.650000000021,6.621354166666677,397.2812500000006,4536.353723275037,49042059962.69415
92736,94751,17154.24999999991,8.509052579365035,510.5431547619021,6866.898648972739,57768094326.98977
94752,96767,13308.5,6.601438492063492,396.0863095238095,8078.195257925088,87596020385.56427
96768,98783,17063.049999999985,8.463814484126976,507.8288690476186,12251.9997603745,103621399823.32121
98784,100799,17906.88333333332,8.8823826058201,532.9429563492059,14484.1623612254,116727321208.19205
100800,102815,17840.883333333335,8.849644510582012,530.9786706349207,16307.42093852398,131907067998.25987
102816,104831,16891.266666666656,8.378604497354491,502.7162698412695,18437.64439216629,157522412601.91486
104832,106847,17093.45,8.478893849206349,508.73363095238096,22012.38133799388,185838820556.79135
106848,108863,14382.816666666673,7.134333664021167,428.06001984127,25997.87992881442,260851373368.1498
108864,110879,13269.966666666653,6.5823247354497285,394.9394841269837,36459.88692507513,396501307802.15045
110880,112895,14729.433333333327,7.306266534391531,438.3759920634919,55589.51812686866,544635579223.7822
112896,114911,22286.833333333387,11.054976851851878,663.2986111111127,76192.61934751371,493359706793.24963
114912,116927,16892.516666666656,8.37922453703703,502.75347222222183,68977.78463020959,589269583415.8915
116928,118943,17979.349999999995,8.918328373015871,535.0997023809523,82345.64411296662,660945702005.7502
118944,120959,16979.049999999974,8.422147817460305,505.3288690476183,92347.59095209428,784894565297.9408
120960,122975,14052.566666666684,6.970519179894189,418.23115079365135,109670.1332924774,1126242354127.1555
122976,124991,13019.383333333322,6.4580274470899415,387.48164682539647,157416.4018436489,1744852442203.859
124992,127007,11323.716666666685,5.616922949735459,337.01537698412756,244112.4877743364,3111000930931.866
127008,129023,15455.550000000037,7.666443452380971,459.98660714285825,434877.0455276276,4060515370053.3403
129024,131039,13048.96666666667,6.472701719576722,388.3621031746033,567269.530162422,6273537145228.374
131040,133055,12822.38333333332,6.360309193121687,381.6185515873012,876954.4935135372,9869779270568.934
133056,135071,17806.05000000001,8.832366071428577,529.9419642857147,1379192.288228078,11177800914141.873
135072,137087,18656.966666666678,9.254447751322758,555.2668650793655,1563027.996116223,12089959888191.9
137088,139103,18059.733333333355,8.95820105820107,537.4920634920642,1690895.803052393,13511533785021.014
139104,141119,21087.96666666667,10.460300925925928,627.6180555555557,1888786.705353048,12925499922767.668
141120,143135,20482.650000000056,10.160044642857171,609.6026785714303,1805700.836193673,12722099673161.025
143136,145151,20430.116666666676,10.133986441798946,608.0391865079367,1777774.482001465,12557551271837.258
145152,147167,20948.950000000004,10.391344246031748,623.4806547619049,1755425.320328703,12092587450465.947
147168,149183,23202.916666666668,11.509383267195767,690.562996031746,1689334.404597101,10506841608145.812
149184,151199,24615.73333333331,12.210185185185175,732.6111111111105,1468195.427220831,8607365146955.638
151200,153215,20348.283333333344,10.093394510582016,605.603670634921,1203461.926379965,8535003776255.28
153216,155231,22049.85000000004,10.937425595238114,656.2455357142868,1192497.750089478,7804607511140.111
155232,157247,19040.216666666693,9.44455191798943,566.6731150793659,1090715.680051267,8266826236142.308
157248,159263,20079.916666666657,9.96027612433862,597.6165674603171,1155038.333963644,8301061483422.792
159264,161279,18721.850000000013,9.286631944444451,557.1979166666671,1159929.497224385,8940915081031.715
161280,163295,19288.583333333325,9.567749669312166,574.0649801587299,1250757.739274659,9357762223917.924
163296,165311,19116.149999999994,9.48221726190476,568.9330357142856,1307728.360604068,9872252423863.135
165312,167327,20217.516666666652,10.028530092592586,601.7118055555552,1379647.439214294,9847805173050.48
167328,169343,18537.416666666675,9.19514715608466,551.7088293650796,1376302.26788638,10714298766589.18
169344,171359,20148.8,9.994444444444444,599.6666666666666,1496978.595025569,10721746706692.908
171360,173375,18572.333333333347,9.212466931216937,552.7480158730162,1498294.362816507,11642059497788.244
173376,175391,20783.000000000033,10.309027777777795,618.5416666666677,1626553.481328943,11294298159654.152
175392,177407,21088.000000000062,10.46031746031749,627.6190476190494,1577913.485676726,10798089768958.768
177408,179423,17555.616666666683,8.708143187830697,522.4885912698418,1508589.672060295,12400927815160.74
179424,181439,21962.633333333357,10.894163359788372,653.6498015873024,1733207.513848385,11388467603116.133
181440,183455,20261.583333333325,10.050388558201053,603.0233134920632,1591074.961847305,11332256603887.613
183456,185471,18500.100000000017,9.176636904761914,550.5982142857148,1583177.847444009,12349653344489.812
185472,187487,19878.433333333356,9.860333994709006,591.6200396825403,1726566.55919348,12534306495233.633
187488,189503,18926.250000000036,9.388020833333352,563.2812500000011,1751454.535340679,13354678412816.115
189504,191519,18478.083333333343,9.165715939153444,549.9429563492066,1866391.305003208,14576220176984.006
191520,193535,18773.50000000003,9.312251984126998,558.73511904762,2036671.08869332,15655782893255.002
193536,195551,18110.33333333332,8.983300264550259,538.9980158730156,2190865.970102859,17457759424717.36
195552,197567,18272.633333333306,9.063806216931203,543.8283730158722,2440642.606915963,19275346226965.434
197568,199583,18963.01666666667,9.406258267195769,564.3754960317461,2694047.952955013,20502037974991.508
199584,201599,18903.599999999944,9.376785714285687,562.6071428571412,2864140.507810974,21864972687203.457
201600,203615,20037.899999999983,9.939434523809515,596.3660714285709,3054627.526948636,21999114232435.215
203616,205631,18725.58333333333,9.288483796296294,557.3090277777776,3072321.732020756,23677207265841.797
205632,207647,19830.6833333333,9.836648478835963,590.1989087301578,3304356.392990344,24046304444644.035
207648,209663,19757.433333333265,9.80031415343912,588.0188492063471,3368767.140532939,24605919888379.375
209664,211679,20572.999999999996,10.204861111111109,612.2916666666665,3438908.960159138,24122493121967.8
211680,213695,22804.350000000013,11.311681547619054,678.7008928571432,3370181.799277837,21327245568423.742
213696,215711,18485.200000000055,9.16924603174606,550.1547619047635,2979636.616938074,23261530590783.934
215712,217727,22096.083333333314,10.960358796296287,657.6215277777773,3249549.584487207,21223011417015.5
217728,219743,18286.583333333354,9.07072585978837,544.2435515873021,2968775.332075074,23428468602422.434
219744,221759,18091.600000000006,8.97400793650794,538.4404761904764,3275464.586565617,26127332361857.668
221760,223775,16853.71666666667,8.359978505291007,501.5987103174604,3651011.630693214,31261993359629.133
223776,225791,18168.383333333368,9.012094907407425,540.7256944444455,4367876.000842196,34693902600420.82
225792,227807,14600.350000000002,7.242237103174604,434.53422619047626,4847647.152065606,47914490334169.31
227808,229823,17605.133333333346,8.732705026455033,523.962301587302,6695826.282596251,54886305400840.875
229824,231839,17264.466666666645,8.563723544973534,513.8234126984121,7672999.920164138,64137372694339.72
231840,233855,17960.10000000001,8.908779761904766,534.526785714286,8974296.01488785,72109216822614.12
233856,235871,18174.999999999967,9.015376984126968,540.9226190476181,10076292.88341872,80006542295084.14
235872,237887,18560.166666666693,9.206431878306892,552.3859126984136,11187257.46136079,86984305399384.55
237888,239903,15703.466666666644,7.789417989417978,467.36507936507866,12153411.70977583,111686790761566.86
239904,241919,16277.233333333332,8.07402447089947,484.4414682539682,15605632.68128593,138356615590913.22
241920,243935,18278.049999999967,9.066493055555538,543.9895833333323,19339258.27238668,152689471184050.06
243936,245951,16451.01666666667,8.160226521164024,489.61359126984144,21335329.113983,187156856810886.56
245952,247967,16875.100000000006,8.37058531746032,502.23511904761915,26162875.6825699,223737232153407.44
247968,249983,16871.43333333334,8.368766534391538,502.1259920634923,31256960.72776893,267358444334721.3
249984,251999,14839.183333333298,7.360706018518501,441.64236111111006,37392766.13647456,363644255635002.25
252000,254015,15582.516666666641,7.729422949735437,463.76537698412625,50810339.04827648,470558509413023.2
254016,256031,15265.51666666667,7.572180886243388,454.3308531746033,65750060.14908481,621561040983993.0
256032,258047,15565.35000000004,7.720907738095258,463.25446428571547,86933017.77119441,805981371049638.6
258048,260063,15259.900000000007,7.569394841269845,454.1636904761907,112628548.6663471,1065113621502212.1
260064,262079,15858.049999999997,7.866096230158729,471.96577380952374,148819199.8050926,1354279550867856.8
262080,264095,14275.733333333357,7.081216931216943,424.8730158730166,189281249.2810329,1913411172365512.8
264096,266111,13807.933333333345,6.849173280423286,410.95039682539715,267731249.4824211,2798140528704195.0
266112,268127,15426.366666666638,7.6519675925925785,459.1180555555547,390928787.6380858,3657068890350665.5
268128,270143,16922.60000000003,8.394146825396842,503.6488095238105,510929738.0161518,4357056889319374.5
270144,272159,17442.06666666667,8.651818783068784,519.109126984127,609482679.8883545,5042693417484379.0
272160,274175,15716.833333333314,7.796048280423271,467.7628968253963,707408283.0514966,6495375031337309.0
274176,276191,15507.199999999988,7.692063492063486,461.5238095238092,908350862.437022,8453165723964976.0
276192,278207,16817.350000000013,8.341939484126991,500.51636904761943,1180923195.258026,1.013358766342063e+16
278208,280223,15982.800000000003,7.927976190476192,475.67857142857156,1418481395.262635,1.2807663764085068e+16
280224,282239,16446.733333333344,8.158101851851857,489.4861111111114,1789546951.053241,1.57022752126372e+16
282240,284255,16875.550000000003,8.370808531746032,502.2485119047619,2193847870.174279,1.8760642652903492e+16
284256,286271,16920.050000000003,8.392881944444445,503.57291666666674,2621404453.064615,2.2357926772606652e+16
286272,288287,16538.049999999992,8.203397817460313,492.2038690476188,3129573174.522287,2.7308632215793732e+16
288288,290303,18110.083333333336,8.983176256613758,538.9905753968255,3815723798.81463,3.040574302140987e+16
290304,292319,17117.366666666687,8.490757275132285,509.44543650793713,4250217919.869535,3.5832192534378304e+16
292320,294335,16498.53333333334,8.1837962962963,491.02777777777806,5006860589.2054,4.379447245039685e+16
294336,296351,17695.083333333343,8.777323082010588,526.6393849206353,6119726089.128147,4.990895889270489e+16
296352,298367,17592.666666666704,8.726521164021182,523.5912698412709,6978842649.592383,5.724675461647021e+16
298368,300383,18225.700000000015,9.0405257936508,542.431547619048,8000872135.968163,6.335082152632196e+16
300384,302399,17070.8,8.46765873015873,508.0595238095238,8853416309.1278,7.484385534288872e+16
302400,304415,17932.783333333304,8.895229828042313,533.7137896825387,10455720138.48484,8.414055795266662e+16
304416,306431,17613.28333333332,8.736747685185177,524.2048611111106,11756551916.90395,9.632494801708038e+16
306432,308447,16136.900000000023,8.004414682539695,480.2648809523817,13462580114.52534,1.2039468969083179e+17
308448,310463,19558.366666666672,9.70157076719577,582.0942460317463,16818461371.16111,1.2409458099030366e+17
310464,312479,18701.333333333307,9.276455026455013,556.5873015873008,17336316978.50783,1.3377760190258632e+17
312480,314495,19144.93333333335,9.496494708994717,569.7896825396831,18736441558.31024,1.4123176709285755e+17
314496,316511,16686.06666666666,8.276818783068778,496.6091269841267,19729645940.57713,1.706335616323589e+17
316512,318527,17535.03333333336,8.697933201058213,521.8759920634927,23844670038.8033,1.9623833929519315e+17
318528,320543,18538.683333333356,9.195775462962974,551.7465277777784,27428630902.25787,2.1351302956762736e+17
320544,322559,17341.583333333318,8.601975859788352,516.1185515873011,29829733124.04042,2.482331391153075e+17
322560,324575,19966.86666666663,9.904199735449717,594.2519841269831,34661425923.97694,2.5051610217997392e+17
324576,326591,19608.750000000004,9.726562500000002,583.5937500000001,35002482026.13323,2.5760131183904902e+17
326592,328607,18334.50000000004,9.094494047619067,545.669642857144,35985640265.07623,2.8324307589269018e+17
328608,330623,19814.01666666669,9.828381283068794,589.7028769841277,39603666252.41841,2.8844433017818605e+17
330624,332639,20337.33333333333,10.08796296296296,605.2777777777776,40300030327.8914,2.859634347085665e+17
332640,334655,20443.166666666642,10.140459656084644,608.4275793650786,40007470271.27126,2.824177966917861e+17
334656,336671,19587.433333333363,9.715988756613772,582.9593253968263,39457671307.13873,2.907053724976762e+17
336672,338687,18635.983333333395,9.244039351851884,554.642361111113,40640955016.57649,3.1471013559931603e+17
338688,340703,21486.71666666663,10.658093584656067,639.485615079364,43971662056.08958,2.953261903447673e+17
340704,342719,18719.733333333337,9.285582010582013,557.1349206349208,41272873894.69702,3.1817363626685037e+17
342720,344735,19205.183333333338,9.526380621693123,571.5828373015873,44455415962.3438,3.340452953236578e+17
344736,346751,19855.333333333318,9.848875661375654,590.9325396825393,46684376316.86029,3.393075453634499e+17
346752,348767,20476.099999999988,10.156795634920629,609.4077380952377,47427554950.6483,3.342586329457525e+17
348768,350783,19051.78333333333,9.45028935185185,567.0173611111111,46717549644.70642,3.5386984885274374e+17
350784,352799,20938.85000000002,10.386334325396836,623.1800595238102,49446390688.24144,3.40785343923736e+17
352800,354815,20151.43333333327,9.995750661375629,599.7450396825377,47610564513.47126,3.4095457902861094e+17
354816,356831,19690.31666666666,9.767022156084652,586.021329365079,47643398017.80344,3.491798439802159e+17
356832,358847,20681.616666666683,10.258738425925934,615.524305555556,48807487244.68138,3.405658551966364e+17
358848,360863,19310.183333333312,9.578463955026445,574.7078373015867,47589591153.62501,3.556515578324549e+17
360864,362879,20281.21666666666,10.060127314814812,603.6076388888887,49692386354.89384,3.535859397792563e+17
362880,364895,19512.016666666666,9.678579695767196,580.7147817460318,49402014931.22746,3.653773679536194e+17
364896,366911,19714.700000000008,9.779117063492068,586.7470238095241,51076366303.48193,3.738771804033656e+17
366912,368927,20002.233333333337,9.921742724867727,595.3045634920636,52278304845.59168,3.7717434632957926e+17
368928,370943,19593.549999999967,9.719022817460301,583.141369047618,52699842409.34701,3.881461883285055e+17
370944,372959,19216.649999999987,9.532068452380946,571.9241071428568,54256630327.88996,4.074499569769703e+17
372960,374975,19363.566666666637,9.604943783068768,576.2966269841261,56957648455.01001,4.244884073875921e+17
374976,376991,19682.88333333338,9.76333498677251,585.8000992063505,59335351233.86657,4.3503473862738374e+17
376992,379007,20149.649999999972,9.994866071428557,599.6919642857134,60813224039.44035,4.355416179785215e+17
379008,381023,19719.016666666666,9.781258267195767,586.875496031746,60883825480.09828,4.4556987139611046e+17
381024,383039,19075.866666666643,9.462235449735438,567.7341269841263,62253982449.76082,4.7095780570357805e+17
383040,385055,18261.116666666672,9.058093584656087,543.4856150793652,65848255179.70261,5.2037458701493997e+17
385056,387071,18542.683333333367,9.197759589947106,551.8655753968263,72722780642.54718,5.6597472003816934e+17
387072,389087,17067.416666666682,8.465980489417998,507.95882936507985,79102380900.22598,6.688379438681366e+17
389088,391103,18147.783333333333,9.001876653439153,540.1125992063492,93448670796.3238,7.43102429964872e+17
391104,393119,18494.10000000004,9.173660714285733,550.4196428571439,103880340815.4559,8.105863812994666e+17
393120,395135,19040.100000000064,9.444494047619079,566.6696428571447,113354299801.4711,8.591478591540353e+17
395136,397151,16812.316666666637,8.339442791005276,500.36656746031656,120033340651.237,1.030323179151207e+18
397152,399167,17773.333333333325,8.816137566137561,528.9682539682536,144116447847.3487,1.1701561023304822e+18
399168,401183,20815.199999999997,10.325,619.5,163491654908.9593,1.1334807280111348e+18
401184,403199,19306.01666666663,9.576397156084639,574.5838293650784,158427203767.3917,1.1842304363656888e+18
403200,405215,19999.40000000003,9.920337301587317,595.220238095239,165496835118.2263,1.194185696203685e+18
405216,407231,18836.04999999998,9.34327876984126,560.5967261904757,166851513282.7772,1.2783196179318193e+18
407232,409247,20167.666666666682,10.003802910052919,600.2281746031751,178678307671.6884,1.2785429282153994e+18
409248,411263,18542.150000000038,9.197495039682558,551.8497023809534,178659257772.5273,1.3904794474835663e+18
411264,413279,19652.899999999976,9.74846230158729,584.9077380952374,194254820283.444,1.4264097495525043e+18
413280,415295,20494.099999999984,10.165724206349198,609.9434523809518,199312067531.243,1.403472417653197e+18
415296,417311,18876.00000000003,9.363095238095253,561.7857142857152,196061423939.65,1.498929898740218e+18
417312,419327,19793.233333333308,9.818072089947078,589.0843253968247,209453158595.381,1.527106438632651e+18
419328,421343,20160.949999999986,10.000471230158723,600.0282738095234,213398925331.3239,1.527497028565915e+18
421344,423359,21333.750000000025,10.582217261904775,634.9330357142865,213492501107.5134,1.4441575073605545e+18
423360,425375,18733.933333333327,9.292625661375657,557.5575396825394,201893210853.059,1.5552201812068431e+18
425376,427391,19855.666666666722,9.849041005291033,590.942460317462,217375482757.2376,1.579884087010763e+18
427392,429407,19727.28333333336,9.78535879629631,587.1215277777785,220755908330.3723,1.6148946373442934e+18
429408,431423,18874.766666666656,9.36248346560846,561.7490079365076,225832872179.4596,1.7266515590930184e+18
431424,433439,18815.650000000034,9.33315972222224,559.9895833333344,241227200229.991,1.8501468004570675e+18
433440,435455,20555.149999999976,10.196006944444433,611.760416666666,258522748404.5154,1.815002604646178e+18
435456,437471,20120.266666666615,9.98029100529098,598.8174603174588,253618246641.4895,1.8190553001186442e+18
437472,439487,18218.799999999977,9.037103174603164,542.2261904761898,254620187304.0614,2.0168435176691443e+18
439488,441503,19818.76666666665,9.830737433862424,589.8442460317455,281800917193.1958,2.051941222568848e+18
441504,443519,18644.983333333363,9.248503637566152,554.9102182539691,286765766820.5504,2.2195475044269765e+18
443520,445535,19684.23333333339,9.764004629629659,585.8402777777795,310153855703.4333,2.2738290921674053e+18
445536,447551,19020.86666666669,9.434953703703716,566.097222222223,317688400354.0338,2.410294974568003e+18
447552,449567,17293.400000000045,8.578075396825419,514.6845238095251,336899932795.8077,2.8113808098844047e+18
449568,451583,18773.449999999986,9.312227182539676,558.7336309523805,392963262344.3704,3.020695850045195e+18
451584,453599,19309.61666666664,9.578182870370357,574.6909722222214,422170566883.8369,3.1551022475410125e+18
453600,455615,19296.099999999973,9.571478174603161,574.2886904761897,440779902286.5892,3.296487109097034e+18
455616,457631,19527.983333333374,9.68649966931219,581.1899801587314,460769358090.7142,3.405064422235978e+18
457632,459647,19198.916666666664,9.523272156084655,571.3963293650793,475705205061.6292,3.5756937755392184e+18
459648,461663,19348.899999999965,9.597668650793633,575.860119047618,499635929816.6675,3.726460484914552e+18
461664,463679,20115.166666666664,9.977761243386242,598.6656746031745,520808749422.1398,3.7364035406263265e+18
463680,465695,18797.316666666684,9.324065806878316,559.443948412699,521974519553.6282,4.0073067144419876e+18
465696,467711,18952.416666666653,9.401000330687824,564.0600198412694,559970892890.8381,4.263831129805777e+18
467712,469727,17705.0166666667,8.782250330687846,526.9350198412708,595921917085.416,4.857269015110204e+18
469728,471743,19232.53333333334,9.539947089947093,572.3968253968255,678760110082.9902,5.093061920136867e+18
471744,473759,20263.3,10.05124007936508,603.0744047619048,711697198173.7566,5.068555665229921e+18
473760,475775,17759.71666666669,8.809383267195779,528.5629960317467,708659466230.332,5.758385006727339e+18
475776,477791,18855.433333333327,9.352893518518515,561.1736111111109,804525194568.1318,6.157469508654428e+18
477792,479807,18787.600000000028,9.319246031746045,559.1547619047627,860221984436.2223,6.607518243908076e+18
479808,481823,20984.66666666668,10.409060846560852,624.5436507936511,923233068448.9052,6.349045147660777e+18
481824,483839,19409.93333333332,9.627943121693114,577.6765873015869,888171856257.3206,6.603468376088583e+18
483840,485855,16859.500000000004,8.362847222222223,501.77083333333337,922724699725.9628,7.898172124129236e+18
485856,487871,19801.983333333286,9.822412367724844,589.3447420634907,1103400932964.292,8.04125426633055e+18
487872,489887,18935.09999999998,9.392410714285704,563.5446428571422,1123863285132.967,8.565348133466053e+18
489888,491903,16612.716666666707,8.240434854497375,494.42609126984246,1196792694098.793,1.0396266645322918e+19
491904,493919,21467.26666666669,10.648445767195778,638.9067460317467,1452839779145.919,9.766525986015384e+18
493920,495935,20455.349999999962,10.146502976190458,608.7901785714275,1364422081125.147,9.625891518361956e+18
495936,497951,17088.000000000022,8.476190476190487,508.57142857142924,1347001430558.57,1.137564315825839e+19
497952,499967,17123.599999999988,8.4938492063492,509.630952380952,1590896927258.079,1.3407447569575301e+19
499968,501983,19563.36666666667,9.704050925925927,582.2430555555557,1873105475221.611,1.3817127883748092e+19
501984,503999,17481.533333333336,8.671395502645504,520.2837301587302,1931136454487.716,1.5941624608572164e+19
504000,506015,17255.333333333285,8.559193121693097,513.5515873015859,2227847638503.628,1.8632077057966023e+19
506016,508031,18257.09999999996,9.05610119047617,543.3660714285702,2603077300218.593,2.057569005735859e+19
508032,510047,19274.866666666658,9.560945767195763,573.6567460317458,2874674234415.941,2.1522682176890237e+19
510048,512063,18427.316666666662,9.140534060846559,548.4320436507935,3007383866429.732,2.3551897636853264e+19
512064,514079,19214.41666666668,9.530960648148154,571.8576388888893,3290605988755.001,2.4714271777823527e+19
514080,516095,19881.483333333294,9.861846891534372,591.7108134920622,3462542391191.563,2.5133064990675386e+19
516096,518111,18440.583333333343,9.147114748677254,548.8268849206352,3511060552899.72,2.747658808872064e+19
518112,520127,19250.599999999984,9.548908730158722,572.9345238095233,3839316899029.672,2.878119546832322e+19
520128,522143,19578.66666666663,9.711640211640194,582.6984126984116,4022059196164.954,2.9645889423497335e+19
522144,524159,19419.38333333331,9.63263062169311,577.9578373015866,4143878474754.188,3.0794326815885783e+19
524160,526175,17583.966666666645,8.722205687830677,523.3323412698406,4306949573981.513,3.534696044369573e+19
526176,528191,19620.049999999992,9.732167658730155,583.9300595238093,4940704885521.827,3.6340252666232943e+19
528192,530207,19090.15000000002,9.469320436507946,568.1592261904767,5077499034879.017,3.8383064632247755e+19
530208,532223,20889.449999999986,10.36183035714285,621.709821428571,5363678461481.357,3.705398046533636e+19
532224,534239,17564.466666666638,8.712533068783054,522.7519841269833,5178671069072.251,4.254832799066669e+19
534240,536255,18772.550000000047,9.311780753968277,558.7068452380967,5949437371609.53,4.573532463124504e+19
536256,538271,19176.7666666667,9.51228505291007,570.7371031746042,6389316883511.965,4.808151932969618e+19
538272,540287,19323.583333333307,9.585110780423268,575.1066468253961,6727225469722.534,5.023974865317211e+19
540288,542303,19806.633333333324,9.824718915343912,589.4831349206347,7019199231177.173,5.114180433011571e+19
542304,544319,19359.499999999975,9.602926587301575,576.1755952380945,7152633351906.413,5.331764583680825e+19
544320,546335,20935.050000000003,10.384449404761906,623.0669642857143,7454968648263.241,5.138909358435083e+19
546336,548351,20160.31666666668,10.000157076719583,600.009424603175,7182852313938.317,5.141605200746e+19
548352,550367,21790.116666666636,10.8085896164021,648.5153769841261,7184404942701.792,4.75806516934451e+19
550368,552383,23762.900000000034,11.787152777777795,707.2291666666677,6653303141405.96,4.040517663800059e+19
552384,554399,22304.850000000006,11.063913690476193,663.8348214285716,5646403851534.721,3.6531858678581654e+19
554400,556415,18323.73333333328,9.089153439153412,545.3492063492047,5106422924659.822,4.021628564893316e+19
556416,558431,19275.816666666666,9.561416997354497,573.6850198412699,5618595848853.279,4.206434643690552e+19
558432,560447,20409.41666666664,10.123718584656071,607.4231150793643,5883988430955.408,4.1604504757271085e+19
560448,562463,19353.93333333329,9.600165343915323,576.0099206349194,5814661935891.805,4.335651515241866e+19
562464,564479,20131.200000000026,9.985714285714298,599.1428571428579,6061518831027.271,4.345211635752306e+19
564480,566495,20178.383333333375,10.009118716931237,600.5471230158743,6071846049920.752,4.342436956452971e+19
566496,568511,19180.43333333331,9.514103835978824,570.8462301587294,6068891541676.553,4.566149221520477e+19
568512,570527,20117.283333333322,9.978811177248671,598.7286706349203,6379265451411.053,4.576152409280523e+19
570528,572543,20289.13333333334,10.064054232804235,603.8432539682541,6393023717201.863,4.54717803130047e+19
572544,574559,19113.63333333331,9.480968915343903,568.8581349206341,6353030562983.983,4.796636775232469e+19
574560,576575,20160.549999999985,10.00027281746031,600.0163690476186,6702169884349.173,4.797469194249817e+19
576576,578591,18126.249999999985,8.99119543650793,539.4717261904758,6704632680587.417,5.337847508369412e+19
578592,580607,20308.816666666655,10.073817791005284,604.429067460317,7459680720542.296,5.300718720883548e+19
580608,582623,18829.266666666637,9.339914021164006,560.3948412698403,7409399249090.253,5.678697431571498e+19
582624,584639,17658.300000000054,8.759077380952407,525.5446428571444,7934713219630.606,6.484574478045988e+19
584640,586655,20283.016666666685,10.061020171957681,603.6612103174608,9064159826491.41,6.4490262675689415e+19
586656,588671,18210.28333333332,9.03287863756613,541.9727182539677,9013786945891.682,7.143149247518986e+19
588672,590687,19779.133333333368,9.81107804232806,588.6646825396836,9985348008059.557,7.2854282592201245e+19
590688,592703,19088.416666666668,9.468460648148149,568.1076388888889,10183488432890.0,7.698849088528296e+19
592704,594719,18270.183333333345,9.062590939153445,543.7554563492067,10771996663680.4,8.508489035449093e+19
594720,596735,18794.7,9.322767857142857,559.3660714285714,11890594958795.76,9.129927445828582e+19
596736,598751,19795.4,9.819146825396826,589.1488095238096,12759819404408.79,9.302065311665059e+19
598752,600767,19154.08333333333,9.501033399470897,570.0620039682539,13008091666971.9,9.800570447443072e+19
600768,602783,21719.916666666668,10.773768187830688,646.4260912698413,13691480038694.45,9.096857288744924e+19
602784,604799,19774.516666666677,9.808788029100535,588.5272817460321,12720005267390.51,9.282833323598648e+19
604800,606815,20322.683333333305,10.080696097883584,604.841765873015,12973235968799.78,9.212264653857274e+19
606816,608831,20070.93333333329,9.955820105820084,597.349206349205,12876842089682.48,9.25850659264313e+19
608832,610847,18924.183333333356,9.386995701058213,563.2197420634927,12948593420946.38,9.874260633764508e+19
610848,612863,18845.800000000014,9.348115079365087,560.8869047619053,13798783827516.42,1.05663592358097e+20
612864,614879,19262.86666666665,9.554993386243378,573.2996031746027,14776367535688.64,1.1069956261618131e+20
614880,616895,20055.916666666693,9.948371362433877,596.9022817460326,15466098935554.65,1.1128519886136145e+20
616896,618911,20248.816666666644,10.044055886243376,602.6433531746026,15546745765529.37,1.1079980268666333e+20
618912,620927,18862.099999999977,9.356200396825384,561.3720238095231,15486913440292.87,1.1848789024194396e+20
620928,622943,24000.966666666693,11.905241402116415,714.3144841269849,16552923967337.23,9.952796516477949e+19
622944,624959,19060.716666666678,9.454720568783074,567.2832341269844,13912524048945.91,1.053333365069282e+20
624960,626975,18611.233333333326,9.231762566137563,553.9057539682537,14715214060656.53,1.1410129375146633e+20
626976,628991,19999.133333333273,9.920205026454997,595.2123015872999,15958652328578.42,1.1515536499614081e+20
628992,631007,21450.383333333313,10.640071097883588,638.4042658730153,16104807485529.38,1.083476805471146e+20
631008,633023,22257.75000000008,11.040550595238136,662.4330357142882,15138043247082.88,9.81493934727269e+19
633024,635039,17539.016666666677,8.699909060846567,521.994543650794,13732352106018.34,1.1298969291901675e+20
635040,637055,20162.19999999998,10.00109126984126,600.0654761904756,15784744305477.41,1.1297927185903945e+20
637056,639071,18371.93333333335,9.113062169312178,546.7837301587307,15784217546288.15,1.2398448310555406e+20
639072,641087,20803.650000000027,10.319270833333347,619.1562500000008,17345948872516.06,1.2032549639213762e+20
641088,643103,20045.98333333335,9.943444113756623,596.6066468253974,16847561611550.27,1.2128548437062623e+20
643104,645119,19466.333333333347,9.655919312169319,579.3551587301591,16947802333946.61,1.2564012879926043e+20
645120,647135,20421.01666666665,10.129472552910043,607.7683531746026,17557993035167.3,1.24078533335175e+20
647136,649151,18113.13333333328,8.984689153439128,539.0813492063477,17345997805929.09,1.381989812903658e+20
649152,651167,20199.016666666623,10.019353505290983,601.161210317459,19314656404097.0,1.3799263186869055e+20
651168,653183,19462.066666666622,9.653802910052887,579.2281746031732,19298087186262.61,1.4309499602145303e+20
653184,655199,24043.01666666666,11.926099537037034,715.5659722222221,19997335994446.11,1.2002793234639282e+20
655200,657215,19243.366666666654,9.545320767195761,572.7192460317457,16787779609932.66,1.2589582923343869e+20
657216,659231,18518.63333333331,9.185830026455015,551.1498015873009,17596801059571.43,1.371273015928068e+20
659232,661247,20687.66666666664,10.261739417989403,615.7043650793642,19157154724710.14,1.3363451307745098e+20
661248,663263,20253.59999999999,10.046428571428567,602.785714285714,18670168558399.59,1.3302863931364763e+20
663264,665279,18196.96666666669,9.026273148148158,541.5763888888895,18599593048299.49,1.4750392650102124e+20
665280,667295,19957.216666666656,9.899413029100524,593.9647817460315,20607418304385.63,1.4901251790072047e+20
667296,669311,19587.01666666667,9.715782076719579,582.9469246031747,20823531150111.52,1.534211460809192e+20
669312,671327,19893.76666666669,9.867939814814825,592.0763888888895,21434395961348.92,1.554867435877169e+20
671328,673343,20423.716666666656,10.130811838624334,607.84871031746,21724134900047.27,1.5349946022072713e+20
673344,675359,19783.849999999948,9.813417658730133,588.8050595238079,21448277761059.71,1.5645186815102557e+20
675360,677375,19054.80000000002,9.451785714285725,567.1071428571435,21865558044610.55,1.6559808475917713e+20
677376,679391,19801.44999999999,9.822147817460312,589.3288690476187,23137439666472.05,1.6862324569516546e+20
679392,681407,23070.116666666676,11.443510251322756,686.6106150793654,23581981443663.85,1.475127777680916e+20
681408,683423,16605.066666666666,8.23664021164021,494.19841269841265,20608845737768.16,1.7910684489802197e+20
683424,685439,23993.900000000034,11.901736111111129,714.1041666666678,25046487590083.27,1.5064167120213882e+20
685440,687455,21317.266666666634,10.574041005290988,634.4424603174593,21047730572451.55,1.4248623022246207e+20
687456,689471,27978.666666666653,13.878306878306871,832.6984126984123,19932791027262.74,1.0281115500468989e+20
689472,691487,21187.116666666658,10.509482473544969,630.5689484126981,14363025673659.96,9.78302621707968e+19
691488,693503,19014.45,9.431770833333333,565.90625,13672594272814.14,1.0376868121391774e+20
693504,695519,18795.599999999966,9.323214285714268,559.3928571428561,14496442856349.12,1.1130236502189028e+20
695520,697535,17815.2,8.836904761904762,530.2142857142858,15556093717702.55,1.2601115354905146e+20
697536,699551,19287.966666666674,9.567443783068788,574.0466269841272,17615033039278.88,1.3179415619796718e+20
699552,701567,19567.283333333296,9.705993716931198,582.3596230158719,18415156832118.24,1.3581383945380975e+20
701568,703583,19274.549999999956,9.56078869047617,573.6473214285702,18997641161758.95,1.4223765097987673e+20
703584,705599,19977.99999999998,9.909722222222213,594.5833333333328,19893045048575.13,1.4369722982730482e+20
705600,707615,18693.049999999996,9.272346230158728,556.3407738095237,20082460130830.84,1.5503718861827165e+20
707616,709631,19259.0,9.553075396825397,573.1845238095239,21659344833264.85,1.6229708557618495e+20
709632,711647,20483.75,10.160590277777779,609.6354166666667,22674148233453.11,1.597425649248078e+20
711648,713663,18619.683333333367,9.23595403439155,554.1572420634931,22335659268936.39,1.7311138213671436e+20
713664,715679,20176.31666666666,10.00809358465608,600.4856150793648,24195286980613.62,1.7305654571814427e+20
715680,717695,20084.000000000007,9.96230158730159,597.7380952380954,24272331996979.97,1.7440560164256917e+20
717696,719711,18446.016666666706,9.149809854497374,548.9885912698425,24371874614345.62,1.9067136562656877e+20
719712,721727,20125.433333333356,9.982853835978847,598.9712301587308,26643185256535.46,1.910469210812749e+20
721728,723743,19241.599999999977,9.544444444444434,572.6666666666661,26690525287405.5,2.0017741540593903e+20
723744,725759,20465.83333333334,10.151703042328045,609.1021825396826,27967152532434.23,1.972050157302186e+20
725760,727775,20233.68333333336,10.036549272486786,602.1929563492072,27550332084343.84,1.964947846842282e+20
727776,729791,19366.566666666633,9.60643187830686,576.3859126984116,27452707696466.39,2.0456516917800718e+20
729792,731807,20423.383333333342,10.130646494709,607.83878968254,28587155782195.14,2.0199582727241056e+20
731808,733823,19100.86666666665,9.474636243386236,568.4781746031741,28225928151211.1,2.1325258158472233e+20
733824,735839,19236.51666666667,9.54192294973545,572.515376984127,29794407589312.08,2.2351540472831253e+20
735840,737855,21073.233333333326,10.452992724867721,627.1795634920633,31251101365711.12,2.1400961724960404e+20
737856,739871,19912.099999999948,9.877033730158704,592.6220238095223,29897409688833.63,2.1667840831026286e+20
739872,741887,20667.449999999993,10.251711309523806,615.1026785714283,30283293547736.68,2.11453729489154e+20
741888,743903,20453.1166666667,10.14539517195769,608.7237103174614,29570168636357.99,2.0863801602886137e+20
743904,745919,21238.916666666646,10.535176917989407,632.1106150793644,29152798808271.88,1.9808292169349942e+20
745920,747935,19824.06666666669,9.833366402116415,590.0019841269849,27692567959233.59,2.0159029448546196e+20
747936,749951,20059.149999999987,9.949975198412693,596.9985119047616,28174668481289.41,2.0269611613719475e+20
749952,751967,18470.399999999983,9.161904761904754,549.7142857142852,28351606743493.77,2.215136606721706e+20
751968,753983,19489.549999999945,9.667435515872988,580.0461309523793,30977051760460.06,2.2937041924446172e+20
753984,755999,20600.48333333332,10.21849371693121,613.1096230158726,32045359565303.14,2.2448476773944653e+20
756000,758015,17761.083333333336,8.810061177248679,528.6036706349207,31360548173144.85,2.548081601978032e+20
758016,760031,19497.633333333306,9.671445105820093,580.2867063492056,35610794164371.65,2.6357177348212962e+20
760032,762047,20203.750000000007,10.021701388888893,601.3020833333336,36835682546787.98,2.6310910314373425e+20
762048,764063,20058.20000000003,9.949503968253984,596.970238095239,36762198818467.21,2.644896371352717e+20
764064,766079,21777.483333333323,10.802323082010577,648.1393849206346,36950494067222.41,2.4485653438449107e+20
766080,768095,19524.66666666665,9.68485449735449,581.0912698412694,34244331613176.18,2.5310702807864666e+20
768096,770111,20917.033333333307,10.375512566137553,622.5307539682532,35364065900457.12,2.439839405970903e+20
770112,772127,18318.266666666634,9.086441798941783,545.1865079365069,34093570325203.84,2.6858839574892796e+20
772128,774143,19262.450000000037,9.554786706349224,573.2872023809534,37590453655497.09,2.816210939676256e+20
774144,776159,20260.966666666623,10.05008267195765,603.004960317459,39350942467772.63,2.802812946627888e+20
776160,778175,18337.016666666696,9.095742394179908,545.7445436507944,39156400059293.19,3.081578361896865e+20
778176,780191,19935.84999999997,9.88881448412697,593.3288690476181,43053844193928.45,3.1165659118663526e+20
780192,782207,18747.78333333331,9.29949570105819,557.9697420634914,43551722213590.37,3.3523900758504315e+20
782208,784223,19725.516666666677,9.784482473544978,587.0689484126987,46843400286276.55,3.427039921068374e+20
784224,786239,19855.016666666703,9.848718584656103,590.9231150793662,47887764338536.25,3.480594623294506e+20
786240,788255,20462.366666666647,10.149983465608456,608.9990079365074,48712405953118.43,3.435443863644716e+20
788256,790271,19565.46666666669,9.705092592592603,582.3055555555562,48005534313578.78,3.540790534054168e+20
790272,792287,19504.9666666667,9.67508267195769,580.5049603174614,49549703178592.68,3.6660212957040155e+20
792288,794303,19744.78333333335,9.794039351851861,587.6423611111117,51234338863442.89,3.7446212937168074e+20
794304,796319,20856.449999999997,10.345461309523808,620.7276785714284,52350439455487.47,3.6222555100170794e+20
796320,798335,18941.583333333343,9.395626653439159,563.7375992063495,50646206431058.09,3.8586001819658184e+20
798336,800214,19361.633333333324,10.304222103956,618.25332623736,53911173001054.59,3.745175563190292e+20
800215,800351,1410.1500000000003,10.293065693430659,617.5839416058395,53911173001054.586,3.7492348704284744e+20
800352,802367,20138.79999999993,9.989484126984092,599.3690476190455,52328312063443.84,3.749749671928704e+20
802368,804383,18998.749999999953,9.423983134920611,565.4389880952367,52391178981379.36,3.97953457510799e+20
804384,806399,20727.450000000033,10.28147321428573,616.8883928571438,55621444139429.57,3.872536528507231e+20
806400,808415,19114.78333333329,9.48153935185183,568.8923611111097,54150142369480.0,4.088173905102532e+20
808416,810431,20096.899999999994,9.968700396825394,598.1220238095236,57119871304635.31,4.101637616394878e+20
810432,810909,4665.966666666668,9.781900768693225,586.9140461215935,57321508229258.04,4.194719905392298e+20
