first_block_height_in_kth_adjustment_list,last_block_height_in_kth_adjustment,total_t,avg_t_min,avg_t_sec,block_difficulty,estimated_hash_rate,estimated_hash_rate_growth,expected_event_interval
32256,34272,18277.55,9.066245039682538,543.9747023809523,1.182899534312841,9339615.963922774,0.0,600.0
34272,36288,19579.366666666665,9.711987433862433,582.719246031746,1.305062131591525,9619039.035701048,0.02947923330688693,574.2139689868437
36288,38304,14915.25,7.3984375,443.90625,1.344224970771029,13005904.48530095,0.3016590781756666,383.2059499389894
38304,40320,14529.75,7.207217261904762,432.4330357142857,1.818648536145414,18062995.517353773,0.32846195345813245,368.59105394553063
40320,42336,13488.083333333334,6.690517526455027,401.4310515873016,2.527738215072359,27044626.776272576,0.4036229461442466,330.30058561808323
42336,44352,16833.483333333334,8.34994212962963,500.9965277777778,3.781179252033766,32415476.60985428,0.1811476367651154,458.23962584795856
44352,46368,20019.85,9.93048115079365,595.828869047619,4.531081750070693,32661807.681730084,0.0075704526096415665,593.5792025169255
46368,48384,15132.966666666667,7.506431878306879,450.3859126984127,4.56516291033707,43534277.71161058,0.2873421866591443,391.45539379154894
48384,50400,15692.4,7.7839285714285715,467.0357142857143,6.085476906000794,55963438.110532,0.2511499654645038,413.0041111610292
50400,52416,13753.1,6.821974206349206,409.31845238095235,7.819796993353832,82052915.4071842,0.3826657623593714,340.10504798234393
52416,54432,17993.4,8.925297619047619,535.5178571428571,11.46431580551412,91946255.01080886,0.11383987269647663,506.16070678828424
54432,56448,21867.65,10.847048611111111,650.8229166666666,12.84918314782378,84795448.9415784,-0.08096234846566633,677.8946334839746
56448,58464,14383.55,7.13469742063492,428.0818452380952,11.84622814970471,118853819.77747223,0.3376524595561412,363.3018575770069
58464,60480,19288.966666666667,9.567939814814816,574.0763888888889,16.61907875185736,124336065.91455022,0.04509377582716299,561.3251383167699
60480,62496,18061.0,8.958829365079366,537.5297619047619,17.38148815814011,138881469.42875668,0.11063272282105928,508.8624271369248
62496,64512,16650.3,8.25907738095238,495.54464285714283,19.40479632838217,168184575.93530813,0.19144121117247617,450.99824447522474
64512,66528,10446.216666666667,5.181655092592593,310.8993055555556,23.50125722290317,324661809.73574454,0.6577220125236138,227.82287592267065
66528,68544,4825.7,2.393700396825397,143.62202380952382,45.38582234101263,1357247429.6507525,1.4304299238753657,76.3873598970012
68544,70560,15012.983333333334,7.446916335978836,446.8149801587301,181.5432893640505,1745067925.7662013,0.2513347808277229,395.0877406912904
70560,72576,13983.95,6.9364831349206355,416.18898809523813,244.2132230923753,2520219987.638123,0.36755271355768104,348.27267902397386
72576,74592,13884.6,6.887202380952381,413.2321428571429,352.1612090680101,3660220779.073836,0.3731772733502951,344.88696365308505
74592,76608,16562.2,8.215376984126985,492.9226190476191,511.7735342566043,4459220388.054676,0.19745048212262728,447.30955844979417
76608,78624,17631.433333333334,8.745750661375661,524.7450396825396,623.3869598689275,5102338093.581024,0.13472493452816742,490.93228603723253
78624,80640,15659.3,7.76750992063492,466.0505952380952,712.8848645520973,6569709834.831197,0.2527707819548364,411.8131000896675
80640,82656,14034.35,6.961483134920635,417.6889880952381,917.8307413015116,9437770995.90328,0.3622501626096601,350.39944520669206
82656,84672,19296.616666666665,9.571734457671957,574.3040674603174,1318.670050153592,9861752790.068298,0.0439440916105546,561.8682574195793
84672,86688,12938.166666666666,6.417741402116402,385.0644841269841,1378.028165037326,15370375990.974054,0.4437780993329979,310.9754992414467
86688,88704,14025.533333333333,6.957109788359788,417.4265873015873,2149.021814946726,22111620807.991726,0.3636612788361724,349.9472354774151
88704,90720,13770.683333333332,6.830696097883598,409.84176587301585,3091.736890411797,32400086906.393288,0.38205780635047065,340.63682180869097
90720,92736,13335.1,6.614632936507936,396.8779761904762,4536.353723275037,49091892353.339554,0.41553279088846773,324.74706850820957
92736,94752,17153.35,8.50860615079365,510.516369047619,6866.898648972739,57771125296.73557,0.16279519253603486,471.12767205961734
94752,96768,13302.116666666667,6.598272156084656,395.89632936507934,8078.195257925088,87638055394.78922,0.41672623740795894,323.76394512771424
96768,98784,17054.016666666666,8.459333664021164,507.5600198412699,12251.9997603745,103676286989.39854,0.1680580938230058,467.20234899169986
98784,100800,17916.133333333335,8.886970899470901,533.2182539682541,14484.1623612254,116667055541.42738,0.11805077927578664,502.9476210186403
100800,102816,17835.933333333334,8.847189153439153,530.8313492063492,16307.42093852398,131943676118.19333,0.12305093642937441,499.4710859449596
102816,104832,16910.066666666666,8.387929894179894,503.2757936507937,18437.64439216629,157347284885.66785,0.17608023265540618,461.4573857460546
104832,106848,17077.15,8.470808531746032,508.2485119047619,22012.38133799388,186016202191.0263,0.16737841036656664,467.99067049597096
106848,108864,14422.533333333333,7.154034391534391,429.24206349206344,25997.87992881442,260133042766.57242,0.33535942461519747,364.68099859652307
108864,110880,13243.466666666667,6.569179894179895,394.1507936507937,36459.88692507513,397294701625.7781,0.42348512368981567,321.32476759555783
110880,112896,14726.583333333334,7.304852843915344,438.29117063492066,55589.51812686866,544740981228.1474,0.31563209110965346,375.8593335305885
112896,114912,22273.833333333332,11.048528439153438,662.9117063492063,76192.61934751371,493647653465.5784,-0.09848840727938124,696.654884976269
114912,116928,16890.2,8.378075396825396,502.6845238095238,68977.78463020959,589350407870.402,0.17719891613189145,460.6650906642561
116928,118944,17979.65,8.918477182539684,535.1086309523811,82345.64411296662,660934673776.0236,0.1146340788414442,505.57693156255624
118944,120960,16983.4,8.424305555555556,505.45833333333337,92347.59095209427,784693528323.0673,0.1716382261911399,464.45918272494913
120960,122976,14064.4,6.976388888888889,418.5833333333333,109670.1332924774,1125294770071.6335,0.3605070663861558,351.43748051754295
122976,124992,13007.383333333333,6.452075066137566,387.124503968254,157416.4018436489,1746462160989.7092,0.43954710023005034,313.25261904692866
124992,127008,11317.15,5.613665674603174,336.8199404761905,244112.4877743364,3112806059088.0874,0.5779324697864588,255.81656215557692
127008,129024,15463.15,7.670213293650794,460.21279761904765,434877.0455276276,4058519663045.8896,0.2652937029184324,404.22552311644137
129024,131040,13044.483333333334,6.470477843915344,388.2286706349206,567269.530162422,6275693333210.865,0.43586567815037575,314.68274640311654
131040,133056,12835.816666666668,6.366972552910053,382.0183531746032,876954.4935135372,9859450045844.773,0.4517464205130245,307.3798090830347
133056,135072,17810.383333333335,8.834515542328043,530.0709325396826,1379192.288228078,11175081313087.365,0.12525602603657648,498.21735889299487
135072,137088,18647.383333333335,9.249694113756615,554.9816468253969,1563027.996116223,12096173205820.666,0.07920272178685797,533.5725487062127
137088,139104,18048.166666666668,8.952463624338625,537.1478174603175,1690895.803052393,13520193025060.928,0.11129520891551839,508.3355563503928
139104,141120,21093.583333333332,10.46308697089947,627.7852182539682,1888786.705353048,12922058201964.764,-0.045248558289814854,642.2050763039608
141120,143136,20490.15,10.163764880952382,609.8258928571429,1805700.836193673,12717443008981.018,-0.015961272826674398,614.7186886713159
143136,145152,20416.883333333335,10.127422288359789,607.6453373015873,1777774.482001465,12565690528898.076,-0.012004390374611727,611.307181285806
145152,147168,20955.133333333335,10.394411375661376,623.6646825396825,1755425.320328703,12089019231744.584,-0.038672586958157146,635.8810161337567
147168,149184,23217.516666666666,11.51662533068783,690.9975198412699,1689334.404597101,10500234532562.266,-0.1408999457166677,742.0475096970542
149184,151200,24597.65,12.201215277777779,732.0729166666667,1468195.427220831,8613692981243.626,-0.19804444918559358,809.5965573248624
151200,153216,20353.933333333334,10.09619708994709,605.7718253968254,1203461.926379965,8532634564833.29,-0.009454971632040869,608.6446501295236
153216,155232,22044.166666666668,10.934606481481483,656.0763888888889,1192497.750089478,7806619661868.812,-0.08892612415744319,686.1318174551623
155232,157248,19042.25,9.445560515873016,566.733630952381,1090715.680051267,8265943503621.382,0.05717183290219444,550.8374072464902
157248,159264,20100.833333333332,9.970651455026454,598.2390873015872,1155038.333963644,8292423506422.087,0.003198386091831596,597.2834066634472
159264,161280,18702.85,9.27720734126984,556.6324404761904,1159929.497224385,8949998048950.494,0.07631104692490885,535.923933615498
161280,163296,19288.8,9.567857142857143,574.0714285714286,1250757.739274659,9357657110320.986,0.044541636138270314,561.474115375196
163296,165312,19117.616666666665,9.482944775132275,568.9766865079365,1307728.360604068,9871495043703.906,0.053456365070013265,554.0363737211537
165312,167328,20211.566666666666,10.025578703703703,601.5347222222222,1379647.439214294,9850704227920.69,-0.0021083676519550406,602.1692962905927
167328,169344,18541.35,9.197098214285713,551.8258928571428,1376302.26788638,10712025851807.797,0.08382407388749097,529.3306589453039
169344,171360,20144.3,9.992212301587301,599.5327380952381,1496978.595025569,10724141818966.857,0.0011304229968105543,599.1940029480244
171360,173376,18571.883333333335,9.212243716931217,552.734623015873,1498294.362816507,11642341586937.746,0.08215114460155186,530.6398871868935
173376,175392,20783.033333333333,10.309044312169313,618.5426587301588,1626553.481328943,11294280045041.193,-0.03035218247835301,628.0254161918367
175392,177408,21094.683333333334,10.463632605820106,627.8179563492064,1577913.485676726,10794668658902.352,-0.04524403730193098,642.2371036517669
177408,179424,17549.05,8.704885912698412,522.2931547619047,1508589.672060295,12405568109610.855,0.13909304336557793,487.5966355567121
179424,181440,21961.933333333334,10.893816137566137,653.6289682539682,1733207.513848385,11388830591528.924,-0.08551231048329803,682.3895495377795
181440,183456,20274.933333333334,10.057010582010582,603.4206349206349,1591074.961847305,11324794896212.684,-0.005638541941160134,605.1250431530239
183456,185472,18490.65,9.171949404761905,550.3169642857143,1583177.847444009,12355964870807.47,0.08714437146912017,527.020068117825
185472,187488,19881.283333333333,9.861747685185184,591.7048611111111,1726566.55919348,12532509691027.777,0.014187111462417957,587.527348648182
187488,189504,18922.083333333332,9.385954034391533,563.1572420634919,1751454.535340679,13357619129882.363,0.06376089995933878,545.5791115207808
189504,191520,18506.85,9.179985119047618,550.7991071428571,1866391.305003208,14553563200400.14,0.08574891374799802,527.8446621947696
191520,193536,18754.633333333335,9.30289351851852,558.1736111111112,2036671.08869332,15671532198080.29,0.07400997352699952,538.0186774492497
193536,195552,18105.733333333334,8.98101851851852,538.8611111111112,2190865.970102859,17462194798412.254,0.10819241622646628,510.7342194911361
195552,197568,18263.966666666667,9.059507275132276,543.5704365079366,2440642.606915963,19284492816185.727,0.09926304503256407,517.4631360615057
197568,199584,18963.566666666666,9.406531084656084,564.3918650793651,2694047.952955013,20501443354734.445,0.06119399929358406,547.4700907116434
199584,201600,18896.816666666666,9.373420965608465,562.405257936508,2864140.507810974,21872821490558.887,0.06474954706745258,544.5842162729574
201600,203616,20025.133333333335,9.933101851851852,595.9861111111111,3054627.526948636,22013139375423.88,0.006394681135004462,594.0845958938676
203616,205632,18800.45,9.32562003968254,559.5372023809524,3072321.732020756,23582920502281.91,0.06888322308207928,540.7008143422654
205632,207648,19783.183333333334,9.813086970899471,588.7852182539683,3304356.392990344,24104040322731.727,0.021856732192916634,582.3973815576362
207648,209664,19750.716666666667,9.796982473544974,587.8189484126984,3368767.140532939,24614287673949.11,0.020947599402104933,581.7050156428076
209664,211680,20573.066666666666,10.204894179894179,612.2936507936507,3438908.960159138,24122414953446.098,-0.020185584798366178,618.5151948215611
211680,213696,22802.116666666665,11.310573743386243,678.6344246031746,3370181.799277837,21329334446799.938,-0.12305815998030743,722.1569890300914
213696,215712,18514.9,9.183978174603176,551.0386904761906,2979636.616938074,23224216456840.727,0.08511221775857149,528.2400049761804
215712,217728,22080.883333333335,10.952819113756615,657.1691468253969,3249549.584487207,21237620876640.297,-0.08942136843097188,687.4473706931425
217728,219744,18277.65,9.066294642857143,543.9776785714286,2968775.332075074,23439919435517.246,0.09866634900922007,518.0027927156442
219744,221760,18088.733333333334,8.972585978835978,538.3551587301587,3275464.586565617,26131472969792.49,0.10869992112232793,510.1275535125812
221760,223776,16854.9,8.360565476190477,501.6339285714286,3651011.630693214,31259798546322.09,0.1791924317431764,459.25791918538755
223776,225792,18169.7,9.012748015873017,540.764880952381,4367876.000842196,34691388507998.305,0.10415860583817603,513.5550772162312
225792,227808,14607.983333333334,7.246023478835979,434.76140873015873,4847647.152065606,47889452841459.23,0.3224038026146855,371.6389272025309
227808,229824,17620.3,8.740228174603175,524.4136904761905,6695826.282596251,54839062033896.016,0.13550746189254606,490.4346825844936
229824,231840,17241.516666666666,8.552339616402117,513.140376984127,7672999.920164138,64222745270998.22,0.15795468479859173,474.6660284430909
231840,233856,17972.283333333333,8.914823082010582,534.8893849206349,8974296.01488785,72060334295632.95,0.1151463087770511,505.2428463912357
233856,235872,18160.866666666665,9.008366402116401,540.5019841269841,10076292.88341872,80068805795601.81,0.10538259303038672,512.9968462236078
235872,237888,18560.383333333335,9.206539351851852,552.3923611111111,11187257.46136079,86983289978573.34,0.08282969352659537,530.133888635558
237888,239904,15709.533333333333,7.792427248677249,467.54563492063494,12153411.70977583,111643659847602.34,0.24959615971897892,413.76297791794735
239904,241920,16272.266666666666,8.071560846560846,484.2936507936508,15605632.68128593,138398845183436.77,0.21482750838433629,435.8071802892246
241920,243936,18284.516666666666,9.069700727513228,544.1820436507936,19339258.27238668,152635469651952.6,0.09791282820793216,518.3894734614481
243936,245952,16440.633333333335,8.15507605820106,489.30456349206355,21335329.113983,187275058585142.22,0.20452591035700773,442.51064226401644
245952,247968,16894.4,8.380158730158731,502.8095238095239,26162875.6825699,223481636892222.62,0.1767508114587422,460.8798480332329
247968,249984,16854.8,8.360515873015872,501.63095238095235,31256960.72776893,267622289774839.44,0.18024737078581854,459.0202634853757
249984,252000,14839.583333333334,7.360904431216931,441.65426587301585,37392766.13647456,363634453627830.06,0.30657249485844956,380.3736938320975
252000,254016,15597.15,7.736681547619048,464.2008928571429,50810339.04827648,470117028788608.56,0.2568325463655671,409.3817486073314
254016,256032,15252.35,7.565649801587302,453.93898809523813,65750060.14908481,622097606630573.8,0.28011534313932474,395.9042358960364
256032,258048,15563.133333333333,7.719808201058201,463.18849206349205,86933017.77119441,806096167472757.8,0.25910604560026407,408.0447404402076
258048,260064,15264.966666666667,7.571908068783069,454.3144841269841,112628548.6663471,1064760094645579.5,0.2783017396528116,396.57447923309843
260064,262080,15873.433333333332,7.873726851851852,472.4236111111111,148819199.8050926,1352967085358976.0,0.23955051119528684,420.09912063639996
262080,264096,14253.933333333332,7.070403439153439,424.2242063492063,189281249.2810329,1916337548024929.5,0.3481158155851375,358.2562333616003
264096,266112,13808.066666666668,6.849239417989418,410.95436507936506,267731249.4824211,2798113509323944.5,0.3785296061192036,342.1264662982625
266112,268128,15447.516666666666,7.662458664021164,459.7475198412699,390928787.6380858,3652061806772116.5,0.2663464432364081,403.613748668047
268128,270144,16972.933333333334,8.419113756613758,505.1468253968255,510929738.0161518,4344136011563283.5,0.17353500567576047,463.7455783838454
270144,272160,17385.816666666666,8.623916997354497,517.4350198412699,609482679.8883545,5059008527103436.0,0.15234362848577299,479.9485807586765
272160,274176,15700.633333333333,7.788012566137566,467.280753968254,707408283.0514966,6502076995090845.0,0.25095114272678015,413.2601657880832
274176,276192,15540.433333333332,7.70854828042328,462.51289682539675,908350862.437022,8435088565612902.0,0.2602785521525119,407.2210990664097
276192,278208,16786.766666666666,8.32676917989418,499.6061507936508,1180923195.258026,1.0152049758922826e+16,0.18527541607212505,456.0544742606872
278208,280224,15981.7,7.9274305555555555,475.6458333333333,1418481395.262635,1.2808545299224668e+16,0.2324369178895358,424.4122114561377
280224,282240,16448.433333333334,8.158945105820106,489.5367063492063,1789546951.053241,1.5700652330547438e+16,0.20358971152674635,442.9208238207008
282240,284256,16905.5,8.385664682539682,503.1398809523809,2193847870.174279,1.8727406058454676e+16,0.1762857543845925,461.2867530349292
284256,286272,16889.716666666667,8.377835648148148,502.67013888888886,2621404453.064615,2.2398080817746692e+16,0.1789872618191914,460.25239879914574
286272,288288,16545.766666666666,8.20722552910053,492.4335317460318,3129573174.522287,2.72958959300611e+16,0.19776108124641922,446.79862038167846
288288,290304,18102.983333333334,8.97965443121693,538.7792658730158,3815723798.81463,3.0417668170512492e+16,0.10828727074857544,510.63286465596354
290304,292320,17117.8,8.490972222222222,509.4583333333333,4250217919.869535,3.583128545032365e+16,0.16379777763667283,469.9220527826949
292320,294336,16510.766666666666,8.189864417989417,491.39186507936506,5006860589.2054,4.376202378278141e+16,0.19994499732273602,445.3830071445526
294336,296352,17686.133333333335,8.772883597883599,526.3730158730159,6119726089.128147,4.993421513010125e+16,0.13194003737473445,493.12630290527613
296352,298368,17592.15,8.726264880952382,523.5758928571429,6978842649.592383,5.724843590556149e+16,0.13669387989384985,489.367372977711
298368,300384,18218.933333333334,9.037169312169313,542.2301587301588,8000872135.968163,6.337435055979971e+16,0.10165889264744986,515.5795874777775
300384,302400,17073.983333333334,8.469237764550265,508.1542658730159,8853416309.1278,7.48299011920115e+16,0.16615833937685207,468.1814798894836
302400,304416,17937.383333333335,8.897511574074075,533.8506944444445,10455720138.48484,8.411898030338566e+16,0.11701467517409186,503.7999762956852
304416,306432,17604.783333333333,8.732531415343916,523.9518849206349,11756551916.90395,9.637145594862608e+16,0.13597782881955817,489.89017815256136
306432,308448,16137.933333333332,8.004927248677248,480.2956349206349,13462580114.52534,1.2038698065873698e+17,0.22250133531194707,430.6144264764167
308448,310464,19605.633333333335,9.725016534391536,583.5009920634922,16818461371.16111,1.2379540487622042e+17,0.027918849280991302,575.4309306183108
310464,312480,18653.3,9.252628968253967,555.1577380952381,17336316978.50783,1.3412208701485693e+17,0.08012024003449464,533.5002934003409
312480,314496,19150.333333333332,9.49917328042328,569.9503968253968,18736441558.31024,1.4119194264024758e+17,0.051369777696972686,555.5587671396999
314496,316512,16690.1,8.278819444444444,496.72916666666663,19729645940.57713,1.7059232628733888e+17,0.18915639333857,452.576649319998
316512,318528,17527.233333333334,8.694064153439154,521.6438492063493,23844670038.8033,1.9632566962379645e+17,0.1404982067322186,486.6563974142876
318528,320544,18529.066666666666,9.19100529100529,551.4603174603174,27428630902.25787,2.1362384376411578e+17,0.08444186891783016,528.8189011515165
320544,322560,17353.066666666666,8.607671957671958,516.4603174603175,29829733124.04042,2.4806887167280867e+17,0.14948968700401097,479.71135103426553
322560,324576,19963.1,9.902331349206348,594.1398809523808,34661425923.97694,2.5056336992153392e+17,0.010005446301863705,591.1774519887907
324576,326592,19625.45,9.73484623015873,584.0907738095239,35002482026.13323,2.5738210963437542e+17,0.026849926335429018,576.3190884306407
326592,328608,18320.633333333335,9.087615740740741,545.2569444444445,35985640265.07623,2.8345745916468714e+17,0.09650026744527164,519.7744617042391
328608,330624,19841.55,9.84203869047619,590.5223214285714,39603666252.41841,2.8804406740179514e+17,0.016051424190803767,585.8082156966789
330624,332640,20309.683333333334,10.074247685185187,604.4548611111112,40300030327.8914,2.863527509199479e+17,-0.005889034604311948,606.2381878803957
332640,334656,20455.316666666666,10.146486441798942,608.7891865079365,40007470271.27126,2.8225004684534134e+17,-0.01443107663745744,613.2031353303853
334656,336672,19576.066666666666,9.710350529100529,582.6210317460317,39457671307.13873,2.9087416795202694e+17,0.030097392117390383,573.9406485358014
336672,338688,18641.416666666668,9.246734457671959,554.8040674603176,40640955016.57649,3.14618408393136e+17,0.07846974144041034,533.5947727953131
338688,340704,21481.216666666667,10.65536541005291,639.3219246031746,43971662056.08958,2.954018049653026e+17,-0.0630240222386643,659.8982316550731
340704,342720,18724.483333333334,9.287938161375662,557.2762896825398,41272873894.69702,3.180929224364412e+17,0.07400706869510368,537.1545276962293
342720,344736,19208.7,9.528125000000001,571.6875000000001,44455415962.3438,3.3398413939143846e+17,0.04874995598209161,557.9763381444577
344736,346752,19853.8,9.84811507936508,590.8869047619048,46684376316.86029,3.393337505014866e+17,0.015890632820116282,586.2168905564772
346752,348768,20470.766666666666,10.154150132275133,609.249007936508,47427554950.6483,3.343457187270556e+17,-0.014808594163596034,613.78241875918
348768,350784,19048.9,9.448859126984127,566.9315476190476,46717549644.70642,3.539234122989721e+17,0.05690499663522293,551.1025959069619
350784,352800,20942.683333333334,10.388235780423281,623.2941468253969,49446390688.24144,3.4072296682536826e+17,-0.0380108071943623,635.2916322920373
352800,354816,20157.25,9.998635912698413,599.9181547619048,47610564513.47126,3.408561916426974e+17,0.00039092984980729705,599.800907083895
354816,356832,19684.866666666665,9.764318783068783,585.859126984127,47643398017.80344,3.492765187599801e+17,0.024403262904191102,578.7684852026151
356832,358848,20679.2,10.257539682539683,615.452380952381,48807487244.68138,3.406056552928715e+17,-0.025138553844513994,623.2534040049169
358848,360864,19309.633333333335,9.578191137566138,574.6914682539683,47589591153.62501,3.5566168792417766e+17,0.043254592192847614,562.4397286005064
360864,362880,20291.383333333335,10.065170304232804,603.9102182539683,49692386354.89384,3.534087813111171e+17,-0.006354556541013105,605.8330798876677
362880,364896,19517.333333333332,9.68121693121693,580.8730158730158,49402014931.22746,3.652778364428451e+17,0.033032852097890864,571.3838414781695
364896,366912,19699.983333333334,9.77181712962963,586.3090277777778,51076366303.48193,3.741564814436342e+17,0.024015849737969226,579.3246962914883
366912,368928,20010.75,9.925967261904763,595.5580357142858,52278304845.59168,3.770138192037641e+17,0.007607732997365123,593.298346456138
368928,370944,19594.216666666667,9.719353505291005,583.1612103174604,52699842409.34701,3.88132982180489e+17,0.029066175991637865,574.7675971421912
370944,372960,19215.4,9.531448412698413,571.8869047619048,54256630327.88996,4.074764624073134e+17,0.04863515156829424,558.2027415889735
372960,374976,19364.95,9.605629960317462,576.3377976190477,56957648455.01001,4.2445808409919904e+17,0.04083008901128175,564.7303495946551
374976,376992,19683.1,9.76344246031746,585.8065476190476,59335351233.86657,4.350299498732402e+17,0.024601619941600508,578.6593831671522
376992,379008,20139.35,9.989756944444444,599.3854166666666,60813224039.44035,4.357643698878515e+17,0.001686782221881898,598.8801844463968
379008,381024,19732.583333333332,9.787987764550264,587.2792658730159,60883825480.09828,4.452635304665004e+17,0.021564648954769054,580.992303411281
381024,383040,19066.433333333334,9.457556216931218,567.4533730158731,62253982449.76082,4.7119081739954944e+17,0.05659683427695751,551.6940469957841
383040,385056,18262.833333333332,9.058945105820106,543.5367063492064,65848255179.70261,5.203256729340083e+17,0.09919176518349972,517.4491625300622
385056,387072,18536.5,9.19469246031746,551.6815476190476,72722780642.54718,5.661635156766261e+17,0.08442802379663158,529.0346589504305
387072,389088,17077.283333333333,8.470874669312169,508.2524801587301,79102380900.22598,6.684515123194327e+17,0.1660809284180658,468.28959181653534
389088,391104,18154.55,9.005233134920635,540.3139880952381,93448670796.3238,7.428254566197457e+17,0.10549723820040321,512.7895381861183
391104,393120,18476.933333333334,9.165145502645503,549.9087301587301,103880340815.4559,8.113394860469537e+17,0.08822546825615671,526.3486818365358
393120,395136,19059.45,9.454092261904762,567.2455357142858,113354299801.4711,8.582756140958317e+17,0.056238708144749766,551.5898137667887
395136,397152,16793.583333333332,8.330150462962962,499.8090277777777,120033340651.237,1.0314725102482671e+18,0.18381740543286154,456.5621568583943
397152,399168,17781.6,8.820238095238095,529.2142857142857,144116447847.3487,1.1696120967041075e+18,0.12568474965340098,497.30780451048196
399168,401184,20811.666666666668,10.323247354497354,619.3948412698412,163491654908.9593,1.1336731664786117e+18,-0.031209201776770806,629.1615899061018
401184,403200,19301.866666666665,9.574338624338624,574.4603174603175,158427203767.3917,1.184485051963017e+18,0.04384517405271131,562.0487182352082
403200,405216,20006.783333333333,9.923999669312169,595.4399801587301,165496835118.2263,1.1937449921229724e+18,0.007787292888666758,593.1275538041978
405216,407232,18831.1,9.340823412698413,560.4494047619048,166851513282.7772,1.2786556408996088e+18,0.06871382772947142,541.6276548635226
407232,409248,20162.816666666666,10.001397156084655,600.0838293650793,178678307671.6884,1.2788504712191565e+18,0.0001523596123592583,600.0381174169612
409248,411264,18545.933333333334,9.199371693121694,551.9623015873017,178659257772.5273,1.3901957924553516e+18,0.08348299003900644,529.5505510574054
411264,413280,19648.333333333332,9.74619708994709,584.7718253968254,194254820283.444,1.4267412757815107e+18,0.025948420562128968,577.2500724090582
413280,415296,20499.2,10.16825396825397,610.0952380952382,199312067531.243,1.403123247474358e+18,-0.01669237273508315,615.2156576293876
415296,417312,18877.0,9.36359126984127,561.8154761904763,196061423939.65,1.498850493649436e+18,0.06599783382273125,543.677383765797
417312,419328,19797.05,9.819965277777778,589.1979166666666,209453158595.381,1.5268120282916754e+18,0.018483443209149675,583.7861077991255
419328,421344,20166.683333333334,10.003315145502645,600.1989087301587,213398925331.3239,1.5270627653067707e+18,0.00016420909998290557,600.1496323662726
421344,423360,21328.0,10.579365079365079,634.7619047619047,213492501107.5134,1.4445468502744404e+18,-0.05555045510738446,652.7236094126567
423360,425376,18728.533333333333,9.28994708994709,557.3968253968254,201893210853.059,1.5556685980064415e+18,0.0741097458295563,537.243469593282
425376,427392,19871.783333333333,9.857035383597884,591.422123015873,217375482757.2376,1.5786027493081964e+18,0.014634700116637239,587.1155145469202
427392,429408,19708.1,9.775843253968253,586.5505952380952,220755908330.3723,1.6164665322568637e+18,0.023702494235495263,579.6538367717163
429408,431424,18877.8,9.363988095238096,561.8392857142858,225832872179.4596,1.7263741162909297e+18,0.06578070839091489,543.7588051877442
431424,433440,18816.583333333332,9.333622685185185,560.0173611111111,241227200229.991,1.8500550301473482e+18,0.06919206214468554,541.0822102491335
433440,435456,20589.466666666667,10.2130291005291,612.781746031746,258522748404.5154,1.8119775219477683e+18,-0.020796582235667386,619.1980307588352
435456,437472,20084.0,9.962301587301587,597.7380952380952,253618246641.4895,1.8223400577474803e+18,0.005702618802464721,596.0369941008523
437472,439488,18223.283333333333,9.03932705026455,542.359623015873,254620187304.0614,2.0163473292707348e+18,0.10116620047392479,515.8275981714814
439488,441504,19816.183333333334,9.829456018518519,589.7673611111111,281800917193.1958,2.0522087235335442e+18,0.017629017543152894,584.5992655785087
441504,443520,18642.116666666665,9.24708167989418,554.8249007936508,286765766820.5504,2.2198888123889344e+18,0.07854047086313043,533.5961857821079
443520,445536,19692.366666666665,9.76803902116402,586.0823412698412,310153855703.4333,2.2728899561934244e+18,0.023595020112730996,579.2220907945367
445536,447552,19019.95,9.434499007936509,566.0699404761906,317688400354.0338,2.410411138756661e+18,0.0587451997138572,549.76385304548
447552,449568,17292.0,8.577380952380953,514.6428571428571,336899932795.8077,2.8116084257260636e+18,0.15395938314078525,476.98304143937213
449568,451584,18765.95,9.308506944444444,558.5104166666666,392963262344.3704,3.0219031014167107e+18,0.07213008585976147,538.8434041573478
451584,453600,19319.616666666665,9.583143187830688,574.9885912698412,422170566883.8369,3.1534691394405847e+18,0.0426163619966094,562.9088363685049
453600,455616,19286.333333333332,9.566633597883598,573.9980158730159,440779902286.5892,3.2981564617007135e+18,0.04486050345686418,561.3134810512412
455616,457632,19531.483333333334,9.68823578042328,581.2941468253969,460769358090.7142,3.4044542419811405e+18,0.03172098099751624,572.1712533589048
457632,459648,19202.883333333335,9.525239748677249,571.5143849206349,475705205061.6292,3.5749551580585283e+18,0.04886798746833951,557.7747243213244
459648,461664,19340.7,9.59360119047619,575.6160714285714,499635929816.6675,3.7280404161464187e+18,0.041930105138678425,563.7151652223112
461664,463680,20120.183333333334,9.980249669312169,598.8149801587301,520808749422.1398,3.7354719243092705e+18,0.001991424487514017,598.2191283481797
463680,465696,18800.783333333333,9.325785383597884,559.547123015873,521974519553.6282,4.006567809239811e+18,0.07006080440682132,540.3958132704573
465696,467712,18949.066666666666,9.399338624338624,563.9603174603175,559970892890.8381,4.264584931274528e+18,0.062409889559802825,546.7224290415462
467712,469728,17705.25,8.782366071428571,526.9419642857142,595921917085.416,4.857205002302137e+18,0.13011831361090515,494.0993500616777
469728,471744,19243.766666666666,9.54551917989418,572.7311507936508,678760110082.9902,5.090088902264264e+18,0.04683212640299288,559.526970506961
471744,473760,20248.4,10.043849206349208,602.6309523809525,711697198173.7566,5.072285415699682e+18,-0.0035038081104864422,603.6879381214476
473760,475776,17758.416666666668,8.808738425925927,528.5243055555557,708659466230.332,5.758806547715445e+18,0.12693876829932277,496.3546609579589
475776,477792,18858.2,9.354265873015873,561.2559523809524,804525194568.1318,6.156566152785859e+18,0.06678892272445318,542.9235082986868
477792,479808,18812.933333333334,9.331812169312169,559.9087301587301,860221984436.2223,6.598620616982335e+18,0.06934145037555825,540.9373124024374
479808,481824,20960.783333333333,10.397213955026455,623.8328373015873,923233068448.9053,6.356279436532457e+18,-0.037417417842228316,635.6508837767883
481824,483840,19405.633333333335,9.625810185185186,577.5486111111112,888171856257.3206,6.60493160656034e+18,0.03837337120262153,566.6077596426276
483840,485856,16868.016666666666,8.36707175925926,502.02430555555554,922724699725.9628,7.894184334658403e+18,0.17830974508135078,459.81216899056324
485856,487872,19796.5,9.81969246031746,589.1815476190476,1103400932964.292,8.043481573054467e+18,0.01873569273004098,583.6964942410979
487872,489888,18937.266666666666,9.393485449735449,563.609126984127,1123863285132.967,8.564368147567559e+18,0.06274833667489356,546.2904842248487
489888,491904,16607.666666666668,8.237929894179894,494.2757936507936,1196792694098.793,1.0399427904975647e+19,0.19414043788817803,449.2562214724585
491904,493920,21501.15,10.665252976190477,639.9151785714286,1452839779145.919,9.751135067134644e+18,-0.06436710012149083,660.9589984413104
493920,495936,20439.416666666668,10.138599537037038,608.3159722222223,1364422081125.147,9.63339528134568e+18,-0.012147958356703448,612.0258781454581
495936,497952,17070.083333333332,8.46730324074074,508.03819444444446,1347001430558.57,1.138758297147463e+19,0.1672878117291862,467.8176126908284
497952,499968,17131.983333333334,8.498007605820106,509.8804563492064,1590896927258.079,1.3400886793748111e+19,0.1627973346567714,470.5403326553358
499968,501984,19560.833333333332,9.702794312169312,582.1676587301587,1873105475221.611,1.3818917346908604e+19,0.030717592278811504,573.3171182708446
501984,504000,17476.4,8.668849206349208,520.1309523809525,1931136454487.716,1.5946307133176238e+19,0.14318879903974197,484.6080204687439
504000,506016,17255.766666666666,8.55940806878307,513.5644841269842,2227847638503.628,1.863160916220599e+19,0.15563228094271211,475.59586967501247
506016,508032,18259.783333333333,9.057432208994708,543.4459325396825,2603077300218.593,2.0572666394154037e+19,0.09910376498213168,517.3851338850408
508032,510048,19272.866666666665,9.559953703703703,573.5972222222222,2874674234415.941,2.1524915646622482e+19,0.045247810801545114,560.8137458461711
510048,512064,18480.316666666666,9.166823743386242,550.0094246031746,3007383866429.732,2.348435276750561e+19,0.08712322824979586,526.731035206678
512064,514080,19159.0,9.503472222222221,570.2083333333333,3290605988755.001,2.478575685329831e+19,0.05393480805445193,555.1040596158718
514080,516096,19885.65,9.863913690476192,591.8348214285716,3462542391191.563,2.5127798826173395e+19,0.013705588487496362,587.7975645447865
516096,518112,18442.916666666668,9.148272156084657,548.8963293650794,3511060552899.72,2.747311184686409e+19,0.08923301909730419,525.1189607723746
518112,520128,19255.35,9.551264880952381,573.0758928571429,3839316899029.672,2.8774095588109406e+19,0.04626774830088981,560.0205483242303
520128,522144,19590.033333333333,9.71727843915344,583.0367063492064,4022059196164.954,2.9628688077415834e+19,0.029267560131515293,574.5873071709406
522144,524160,19406.633333333335,9.626306216931217,577.578373015873,4143878474754.188,3.081455843773167e+19,0.039244171081416944,566.391892797848
524160,526176,17577.216666666667,8.718857473544974,523.1314484126984,4306949573981.513,3.536053437792655e+19,0.1376090953002851,488.7333805467958
526176,528192,19622.65,9.733457341269842,584.0074404761905,4940704885521.827,3.63354375848381e+19,0.027197156909872185,576.1372795586191
528192,530208,19093.6,9.471031746031745,568.2619047619047,5077499034879.017,3.8376129241699066e+19,0.054642124905152134,553.0153470978561
530208,532224,20896.466666666667,10.365310846560847,621.9186507936508,5363678461481.357,3.704153838918318e+19,-0.035395689867406516,633.0562902621898
532224,534240,17548.7,8.704712301587302,522.2827380952381,5178671069072.251,4.2586555626027246e+19,0.13949866573058864,487.49032741115275
534240,536256,18801.466666666667,9.32612433862434,559.5674603174604,5949437371609.53,4.566498367536652e+19,0.0697931748254262,540.4869320728175
536256,538272,19149.533333333333,9.498776455026455,569.9265873015873,6389316883511.965,4.814989802176597e+19,0.05298723765706887,555.0903659739258
538272,540288,19344.133333333335,9.595304232804233,575.718253968254,6727225469722.534,5.01863770796292e+19,0.04142459663976326,563.9567697335843
540288,542304,19801.0,9.821924603174603,589.3154761904761,7019199231177.173,5.115635404129491e+19,0.019143091410104972,583.7106378008633
542304,544320,19353.716666666667,9.600057870370371,576.0034722222223,7152633351906.413,5.333357836923766e+19,0.0416794126146261,564.164775354319
544320,546336,20928.416666666668,10.381159060846562,622.8695436507937,7454968648263.241,5.140538153354795e+19,-0.03682325490155399,634.4796546286589
546336,548352,20176.483333333334,10.008176256613757,600.4905753968254,7182852313938.317,5.137485423476655e+19,-0.0005940305439247729,600.6689655896024
548352,550368,21777.133333333335,10.802149470899472,648.1289682539683,7184404942701.792,4.7609018855077265e+19,-0.07612662049769954,673.4370129388518
550368,552384,23768.066666666666,11.789715608465608,707.3829365079365,6653303141405.96,4.039639342133333e+19,-0.1642817058022212,768.8049337574863
552384,554400,22293.283333333333,11.058176256613756,663.4905753968253,5646403851534.721,3.655081290016181e+19,-0.10003708251400345,697.8122833257913
554400,556416,18347.4,9.100892857142858,546.0535714285714,5106422924659.822,4.01644098830466e+19,0.09427785048085338,521.1033970083836
556416,558432,19259.75,9.553447420634921,573.2068452380953,5618595848853.279,4.209943691485839e+19,0.047053088455089764,559.9303168628386
558432,560448,20415.316666666666,10.126645171957671,607.5987103174602,5883988430955.408,4.159248110943467e+19,-0.012114957285263465,611.2941347531433
560448,562464,19344.466666666667,9.595469576719577,575.7281746031746,5814661935891.805,4.337773267595378e+19,0.042026829087613654,563.7978743878643
562464,564480,20134.283333333333,9.987243716931216,599.234623015873,6061518831027.271,4.344546216692935e+19,0.0015601707547547637,598.7674118568322
564480,566496,20171.1,10.005505952380952,600.3303571428571,6071846049920.752,4.34400491337317e+19,-0.00012460151580217987,600.367759733013
566496,568512,19179.816666666666,9.51379794973545,570.827876984127,6068891541676.553,4.56629603168393e+19,0.04990566622495045,556.8181255538987
568512,570528,20118.833333333332,9.979580026455025,598.7748015873015,6379265451411.053,4.575799852245186e+19,0.002079134611037423,598.1527660534257
570528,572544,20290.75,10.06485615079365,603.891369047619,6393023717201.863,4.546815734630777e+19,-0.006354365119288862,605.8141126207037
572544,574560,19117.75,9.483010912698413,568.9806547619048,6353030562983.983,4.795603905008471e+19,0.053272495722028426,554.0907225819011
574560,576576,20159.383333333335,9.999694113756615,599.9816468253969,6702169884349.173,4.7977468340615455e+19,0.0004467529952781049,599.8476449824038
576576,578592,18131.466666666667,8.993783068783069,539.6269841269841,6704632680587.417,5.3363117378947645e+19,0.10638833041511896,511.91342771673527
578592,580608,20300.766666666666,10.069824735449735,604.1894841269841,7459680720542.296,5.302820650648256e+19,-0.0062958513249501075,606.0954254507221
580608,582624,18835.666666666668,9.343088624338625,560.5853174603175,7409399249090.253,5.676767918578652e+19,0.06814316512935471,541.9118427009745
582624,584640,17658.3,8.75907738095238,525.5446428571428,7934713219630.606,6.484574478046007e+19,0.13304415692154758,492.0845167480559
584640,586656,20284.483333333334,10.061747685185185,603.7048611111111,9064159826491.41,6.448559971646903e+19,-0.005569353605615079,605.3891093064916
586656,588672,18209.85,9.03266369047619,541.9598214285713,9013786945891.682,7.143319230504779e+19,0.10232070087941926,515.1549402324961
588672,590688,19797.566666666666,9.82022156084656,589.2132936507936,9985348008059.555,7.278644863571599e+19,0.01876715321660418,583.7187913150303
590688,592704,19065.316666666666,9.457002314814813,567.4201388888888,10183488432890.0,7.708177200778115e+19,0.05733703972340141,551.4595397999874
592704,594720,18271.5,9.063244047619047,543.7946428571429,10771996663680.4,8.507875903309062e+19,0.09871057185775402,517.8172354360206
594720,596736,18806.833333333332,9.328786375661375,559.7271825396825,11890594958795.76,9.124037222256864e+19,0.06992007266352976,540.6073052868343
596736,598752,19775.566666666666,9.809308862433863,588.5585317460318,12759819404408.79,9.311394549361477e+19,0.020326486538378836,582.6171918269215
598752,600768,19173.966666666667,9.510896164021164,570.6537698412698,13008091666971.9,9.790407291719947e+19,0.05016418795778495,556.5769432324016
600768,602784,21707.716666666667,10.7677166005291,646.062996031746,13691480038694.45,9.101969832852021e+19,-0.07291220326232217,670.19895483181
602784,604800,19778.266666666666,9.810648148148148,588.6388888888889,12720005267390.51,9.281073279326313e+19,0.019486339964213707,582.9407521039541
604800,606816,20333.55,10.08608630952381,605.1651785714286,12973235968799.78,9.207341430453646e+19,-0.007976047802365936,607.5850210824264
606816,608832,20054.6,9.947718253968253,596.8630952380952,12876842089682.48,9.266047120718787e+19,0.006355724909005078,594.9703584449786
608832,610848,18937.433333333334,9.393568121693121,563.6140873015872,12948593420946.38,9.867351885831553e+19,0.06287464582181403,546.2611532949936
610848,612864,18828.166666666668,9.339368386243386,560.3621031746031,13798783827516.42,1.0576255055080029e+20,0.06937988108286922,541.365041382196
612864,614880,19261.433333333334,9.554282407407408,573.2569444444445,14776367535688.64,1.1070780028833869e+20,0.04569780832570144,560.3559138102823
614880,616896,20066.35,9.953546626984126,597.2127976190476,15466098935554.65,1.1122733703921723e+20,0.004681887745742785,595.8169352529567
616896,618912,20238.3,10.038839285714285,602.3303571428571,15546745765529.37,1.1085737889571181e+20,-0.003331687947670287,603.3348607929971
618912,620928,18876.583333333332,9.36338458994709,561.8030753968254,15486913440292.87,1.1839697868342531e+20,0.06579870390830946,543.7189215162754
620928,622944,23986.483333333334,11.89805720899471,713.8834325396825,16552923967337.23,9.95880613729414e+19,-0.17300091257528197,779.3551831288524
622944,624960,19082.333333333332,9.465443121693122,567.9265873015873,13912524048945.91,1.0521401380228915e+20,0.05495421080762029,552.6035772603077
624960,626976,18611.3,9.231795634920635,553.9077380952381,14715214060656.53,1.141008850345622e+20,0.08108651101475245,532.0453999161249
626976,628992,19979.95,9.910689484126985,594.6413690476192,15958652328578.42,1.1526592902417069e+20,0.010158871622384902,591.6311285554976
628992,631008,21481.583333333332,10.655547288359788,639.3328373015872,16104807485529.38,1.0819031562756391e+20,-0.06335002707701508,660.0182041006674
631008,633024,22223.933333333334,11.023776455026455,661.4265873015873,15138043247082.88,9.829874081249922e+19,-0.0958806406080956,694.173781612666
633024,635040,17540.25,8.700520833333334,522.03125,13732352106018.34,1.1298174810895994e+20,0.13921506707453857,487.32308541435987
635040,637056,20187.7,10.01374007936508,600.8244047619048,15784744305477.41,1.128365626136867e+20,-0.0012858613175632174,601.2108588166777
637056,639072,18392.183333333334,9.123106812169313,547.3864087301588,15784217546288.15,1.2384797479996668e+20,0.09311438057346337,522.674559459871
639072,641088,20761.6,10.298412698412697,617.9047619047618,17345948872516.06,1.2056920049602619e+20,-0.026830937691108475,626.2688821599194
641088,643104,20047.716666666667,9.944303902116403,596.6582341269841,16847561611550.27,1.212749979807594e+20,0.005836811409643796,594.9203262568587
643104,645120,19474.0,9.659722222222221,579.5833333333333,16947802333946.61,1.2559066587497887e+20,0.03496725750930879,569.5671984838893
645120,647136,20414.35,10.126165674603174,607.5699404761904,17557993035167.3,1.241190533724151e+20,-0.011786722152132173,611.164679025944
647136,649152,18126.883333333335,8.991509589947091,539.4905753968254,17345997805929.09,1.3809415157651998e+20,0.1066944974876656,511.70707550397634
649152,651168,20184.316666666666,10.012061838624339,600.7237103174604,19314656404097.0,1.3809313027653675e+20,-7.395706104905608e-06,600.7259317110063
651168,653184,19483.8,9.664583333333333,579.875,19298087186262.61,1.4293537976349139e+20,0.03446432374124298,569.9963127483944
653184,655200,24024.5,11.916914682539682,715.014880952381,19997335994446.11,1.2012044279256015e+20,-0.173897709001078,780.9506107306241
655200,657216,19233.816666666666,9.540583664021163,572.4350198412698,16787779609932.66,1.2595833919649048e+20,0.047456281619812864,559.0645392939018
657216,659232,18519.766666666666,9.186392195767196,551.1835317460318,17596801059571.43,1.3711890996754468e+20,0.08489729435974172,528.4348326967761
659232,661248,20702.966666666667,10.269328703703703,616.1597222222222,19157154724710.14,1.335357538955903e+20,-0.026479243913936086,624.3899266291251
661248,663264,20237.683333333334,10.0385333994709,602.312003968254,18670168558399.59,1.331332645552921e+20,-0.00301864572245617,603.2220026696145
663264,665280,18202.216666666667,9.028877314814816,541.7326388888889,18599593048299.49,1.4746138247309822e+20,0.10221571205571933,514.9655653949203
665280,667296,19952.333333333332,9.89699074074074,593.8194444444445,20607418304385.63,1.490489887126095e+20,0.010708707455209526,590.6512442830714
667296,669312,19588.1,9.716319444444444,582.9791666666666,20823531150111.52,1.534126610189894e+20,0.02885638629083996,574.6481572527335
669312,671328,19895.55,9.868824404761904,592.1294642857142,21434395961348.92,1.5547280656698973e+20,0.013339417438737563,588.1976354204774
671328,673344,20427.866666666665,10.13287037037037,607.9722222222222,21724134900047.27,1.5346827621261158e+20,-0.012976962900291858,611.9341581241416
673344,675360,19778.283333333333,9.810656415343916,588.6393849206349,21448277761059.71,1.5649590207372188e+20,0.019535948761469284,582.926831025164
675360,677376,19073.266666666666,9.460945767195767,567.656746031746,21865558044610.55,1.6543775330230996e+20,0.05556518628698144,552.1738623109527
677376,679392,19781.7,9.81235119047619,588.7410714285714,23137439666472.05,1.6879159872359465e+20,0.02006979923652849,582.87244020076
679392,681408,23085.316666666666,11.451049933862434,687.062996031746,23581981443663.85,1.4741565134550668e+20,-0.1354086534048629,735.7527866568907
681408,683424,16591.933333333334,8.230125661375661,493.80753968253964,20608845737768.16,1.792486167969966e+20,0.1955176059126912,448.53168818372103
683424,685440,24019.716666666667,11.914541997354497,714.8725198412699,25046487590083.27,1.5047975980803287e+20,-0.17494517401679877,781.2160444745944
685440,687456,21288.583333333332,10.559813161375661,633.5887896825396,21047730572451.55,1.426782101195216e+20,-0.05323677312626571,650.7572083600779
687456,689472,27986.833333333332,13.882357804232804,832.9414682539682,19932791027262.74,1.0278115431034413e+20,-0.32798980330734473,985.7833966333835
689472,691488,21178.183333333334,10.505051256613758,630.3030753968254,14363025673659.96,9.78715287104382e+19,-0.04894632526386472,645.9833690973945
691488,693504,19023.15,9.43608630952381,566.1651785714287,13672594272814.14,1.0372122390392642e+20,0.05805107355526898,550.0453577539754
693504,695520,18798.35,9.324578373015873,559.4747023809524,14496442856349.12,1.1128608266179941e+20,0.07039744631574173,540.2359950933884
695520,697536,17807.483333333334,8.833077050264551,529.984623015873,15556093717702.55,1.2606575902305465e+20,0.12469946082596386,498.2719904089818
697536,699552,19309.483333333334,9.578116732804233,574.687003968254,17615033039278.88,1.316472972231012e+20,0.04332268789438353,562.4163482507282
699552,701568,19563.85,9.704290674603174,582.2574404761904,18415156832118.24,1.3583767393332784e+20,0.03133424312627598,573.2296807480737
701568,703584,19260.716666666667,9.553926917989418,573.2356150793651,18997641161758.95,1.423398081774827e+20,0.04675661539452355,560.0407838157356
703584,705600,19970.633333333335,9.906068121693123,594.3640873015873,19893045048575.13,1.4375023613789045e+20,0.009860108140325664,591.4434473713118
705600,707616,18693.55,9.272594246031746,556.3556547619047,20082460130830.84,1.5503304180858012e+20,0.07556094478522248,535.855838511573
707616,709632,19275.95,9.561483134920636,573.6889880952381,21659344833264.85,1.6215437221572716e+20,0.044910529249388535,560.9973549736443
709632,711648,20474.683333333334,10.156092923280424,609.3655753968254,22674148233453.11,1.5981330265320502e+20,-0.014542520902060726,613.817988125766
711648,713664,18690.816666666666,9.271238425925926,556.2743055555555,22335659268936.39,1.7245255647548575e+20,0.07611588821062373,535.6307226375391
713664,715680,20102.366666666665,9.971412037037036,598.2847222222222,24195286980613.62,1.7369316387201948e+20,0.007168152808017826,596.1455384502551
715680,717696,20082.3,9.961458333333333,597.6875,24272331996979.97,1.74420365365987e+20,0.0041779620192089915,596.4406791572411
717696,719712,18442.55,9.148090277777778,548.8854166666666,24371874614345.62,1.9070720633555498e+20,0.08927102220726618,525.0986914139161
719712,721728,20126.116666666665,9.98319279100529,598.9915674603175,26643185256535.46,1.9104043454780378e+20,0.0017458040925308804,598.4690106335884
721728,723744,19240.566666666666,9.543931878306879,572.6359126984128,26690525287405.5,2.0018816612859177e+20,0.04677265004256955,559.4504351268765
723744,725760,20467.0,10.152281746031745,609.1369047619047,27967152532434.23,1.9719377458504096e+20,-0.015070882258398359,613.7501662188771
725760,727776,20238.283333333333,10.038831018518518,602.3298611111111,27550332084343.84,1.9645012299061248e+20,-0.0037783005588460468,603.469187190072
727776,729792,19365.35,9.605828373015873,576.3497023809524,27452707696466.39,2.045780213920127e+20,0.04054085335090425,564.823138391622
729792,731808,20420.166666666668,10.129050925925927,607.7430555555557,28587155782195.14,2.0202764646639662e+20,-0.012544873689649707,611.5710760859286
731808,733824,19114.933333333334,9.481613756613758,568.8968253968254,28225928151211.1,2.1309564915243752e+20,0.05333657023592143,553.9914960117776
733824,735840,19220.716666666667,9.534085648148148,572.0451388888889,29794407589312.08,2.236991410299267e+20,0.04856090669107657,558.3777495540448
735840,737856,21081.783333333333,10.457233796296297,627.4340277777778,31251101365711.12,2.1392282277882544e+20,-0.04468671990352919,641.6641868003504
737856,739872,19924.383333333335,9.883126653439154,592.9875992063493,29897409688833.63,2.1654482660432518e+20,0.012182268545844888,589.390254873409
739872,741888,20650.683333333334,10.24339451058201,614.6036706349206,30283293547736.68,2.116254126310888e+20,-0.02297978702713356,621.7198059110456
741888,743904,20464.483333333334,10.151033399470899,609.062003968254,29570168636357.99,2.0852213141337614e+20,-0.014772608800142835,613.5829559805287
743904,745920,21232.066666666666,10.5317791005291,631.906746031746,29152798808271.88,1.9814682823801523e+20,-0.051036868838464707,648.3098809091148
745920,747936,19840.016666666666,9.841278108465609,590.4766865079365,27692567959233.59,2.0142822984352845e+20,0.01642482586836377,585.6538887692128
747936,749952,20053.233333333334,9.947040343915344,596.8224206349206,28174668481289.41,2.0275592122368007e+20,0.0065697586216435,594.8662172854205
749952,751968,18452.966666666667,9.153257275132276,549.1954365079366,28351606743493.77,2.2172293441953805e+20,0.08942566213775455,525.3552589473684
751968,753984,19488.183333333334,9.666757605820106,580.0054563492064,30977051760460.06,2.2938650452552286e+20,0.03397981425805724,570.2618908225093
753984,756000,20607.466666666667,10.221957671957671,613.3174603174602,32045359565303.14,2.244086957027066e+20,-0.021939449719576717,620.0948574805187
756000,758016,17761.866666666665,8.810449735449735,528.6269841269841,31360548173144.85,2.5479692265564432e+20,0.12699792233438137,496.43671710758787
758016,760032,19493.083333333332,9.669188161375661,580.1512896825396,35610794164371.65,2.636332953844798e+20,0.03409225877621681,570.3733876224283
760032,762048,20201.2,10.020436507936509,601.2261904761906,36835682546787.98,2.631423154386978e+20,-0.0018640957472891208,601.7869104263882
762048,764064,20081.6,9.96111111111111,597.6666666666666,36762198818467.21,2.6418144169721112e+20,0.003941137069876149,596.4904692314133
764064,766080,21756.166666666668,10.791749338624339,647.5049603174604,36950494067222.41,2.4509644453063937e+20,-0.07498436200434741,672.3996638206179
766080,768096,19527.45,9.68623511904762,581.1741071428572,34244331613176.18,2.5307095162072937e+20,0.032018106369984874,571.9685694948389
768096,770112,20944.9,10.389335317460318,623.3601190476192,35364065900457.12,2.436593260539487e+20,-0.03789884560560092,635.3230825049637
770112,772128,18289.0,9.071924603174603,544.3154761904761,34093570325203.84,2.6901819984149234e+20,0.09900798972220427,518.2373857498668
772128,774144,19258.85,9.553000992063492,573.1800595238095,37590453655497.09,2.8167373656769223e+20,0.045970403897888305,560.2049826001677
774144,776160,20262.166666666668,10.05067791005291,603.0406746031746,39350942467772.63,2.8026469537411744e+20,-0.005014941376326264,604.5553122997774
776160,778176,18341.35,9.097891865079365,545.8735119047619,39156400059293.19,3.08085030718798e+20,0.09464132139649714,520.8383915471693
778176,780192,19933.966666666667,9.887880291005292,593.2728174603175,43053844193928.45,3.1168603606614875e+20,0.011620567860750544,589.8390475981695
780192,782208,18748.533333333333,9.299867724867724,557.9920634920634,43551722213590.37,3.352255969757318e+20,0.07280734248984873,538.1632373880329
782208,784224,19756.616666666665,9.79990906084656,587.9945436507935,46843400286276.55,3.4216452250359805e+20,0.020487952357246743,582.0120674412634
784224,786240,19824.233333333334,9.833449074074075,590.0069444444445,47887764338536.25,3.4859993369439896e+20,0.018633261538103612,584.5440507218287
786240,788256,20490.566666666666,10.16397156084656,609.8382936507936,48712405953118.43,3.430715857897933e+20,-0.015985812563898923,614.7387517577315
788256,790272,19539.583333333332,9.692253637566138,581.5352182539683,48005534313578.78,3.545480882875484e+20,0.03290485747851017,572.0716348034997
790272,792288,19511.75,9.678447420634921,580.7068452380953,49549703178592.68,3.664746789600989e+20,0.03308544235930657,571.2054480550293
792288,794304,19748.25,9.795758928571429,587.7455357142858,51234338863442.89,3.743963951733687e+20,0.02138568612640166,581.5054271029181
794304,796320,20840.883333333335,10.337739748677249,620.2643849206349,52350439455487.47,3.624961078836023e+20,-0.032301378916558356,630.390820876192
796320,798336,18941.066666666666,9.39537037037037,563.7222222222223,50646206431058.09,3.858705435282811e+20,0.06248819638788279,546.4704374579446
798336,800352,20772.8,10.303968253968254,618.2380952380952,53911173001054.59,3.745267829853717e+20,-0.029838616702212186,627.5542091383013
800352,802368,20145.35,9.992733134920634,599.5639880952381,52328312063443.84,3.748530489320738e+20,0.0008707626050799455,599.3030248963217
802368,804384,19008.85,9.428993055555555,565.7395833333333,52391178981379.36,3.977420123196971e+20,0.05926950519830495,549.3004090829882
804384,806400,20710.716666666667,10.27317294973545,616.390376984127,55621444139429.57,3.8756653649265636e+20,-0.02591604372207156,624.4470252102842
806400,808416,19119.65,9.483953373015874,569.0372023809524,54150142369480.0,4.087133311803403e+20,0.05312646740551656,554.1858935889754
808416,810432,20091.65,9.966096230158731,597.9657738095239,57119871304635.31,4.1027093848900515e+20,0.003803758495443658,596.829955695779
810432,812448,18934.083333333332,9.391906415343914,563.5143849206348,57321508229258.04,4.368903612580041e+20,0.0628645070155405,546.16726034424
812448,814464,19700.633333333335,9.772139550264551,586.3283730158731,61030681983175.59,4.47061399778481e+20,0.023013670816241772,579.6330486127242
814464,816480,19471.166666666668,9.658316798941799,579.499007936508,62463471666732.73,4.629491411185181e+20,0.03492125679239354,569.4973525747911
816480,818496,19191.5,9.519593253968255,571.1755952380953,64678587803496.61,4.8635204599679064e+20,0.04931553449053513,557.3203725085746
818496,820512,20381.35,10.109796626984126,606.5877976190476,67957790298897.88,4.8117764318348234e+20,-0.010696213675427804,609.8434914788457
820512,822528,18847.0,9.348710317460318,560.922619047619,67305906902031.39,5.153592655305359e+20,0.06862773795230599,542.1080444826534
822528,824544,19837.133333333335,9.839847883597885,590.3908730158731,72006146478567.1,5.2382931100650065e+20,0.01630162847767016,585.604749177374
824544,826560,20991.05,10.412227182539683,624.733630952381,73197634206448.34,5.032247817073732e+20,-0.04012893650179499,637.4379461443914
826560,828576,18789.516666666666,9.32019675925926,559.2118055555555,70343519904866.8,5.402659859385124e+20,0.07102463244036149,539.8148252707892
828576,830592,18659.733333333334,9.255820105820106,555.3492063492064,75502165623893.72,5.8391968229066034e+20,0.07770185820581568,534.32151219068
830592,832608,20763.783333333333,10.2994957010582,617.969742063492,81725299822043.22,5.6800109471283256e+20,-0.027640097015234087,626.5893461822984
832608,834624,19062.533333333333,9.455621693121692,567.3373015873016,79351228131136.77,6.007201161762916e+20,0.05600578315606928,551.7426995892524
834624,836640,20362.9,10.100644841269842,606.0386904761905,83947913181361.55,5.949348570436862e+20,-0.00967721359505618,608.9805554309362
836640,838656,19406.5,9.626240079365079,577.5744047619047,83126997340024.61,6.181502020285392e+20,0.038279557688944636,566.6594744283866
838656,840672,19774.316666666666,9.808688822751323,588.5213293650794,86388558925171.02,6.304546952146443e+20,0.019709824213011463,582.7594208875656
840672,842688,21368.366666666665,10.599388227513227,635.9632936507936,88104191118793.16,5.950101574628481e+20,-0.05786282072754142,654.7226809890333
842688,844704,19878.6,9.860416666666666,591.625,83148355189239.77,6.036247052676555e+20,0.014374179156933923,587.3932384254555
844704,846720,20325.55,10.082118055555556,604.9270833333334,84381461788831.34,5.991062869506244e+20,-0.007513632896134476,607.2053858849657
846720,848736,20185.566666666666,10.012681878306879,600.7609126984128,83716654861184.52,5.985081371960185e+20,-0.0009989021379207177,601.0610633104636
848736,850752,21231.266666666666,10.531382275132275,631.8829365079365,83675262295059.9,5.6874856761856924e+20,-0.051001669099782175,648.2739466815609
850752,852768,19548.516666666666,9.696684854497354,581.8010912698412,79495195323031.48,5.868487859937623e+20,0.03132873007249853,572.781977767045
852768,854784,18243.8,9.049503968253967,542.9702380952381,82047728459932.75,6.490085196616048e+20,0.10067866212393474,516.5321243957459
854784,856800,21045.816666666666,10.439393187830687,626.3635912698412,90666502495565.78,6.216990714158502e+20,-0.042989676332358756,640.0221984783163
856800,858816,19592.566666666666,9.718535052910052,583.1121031746031,86871474313761.95,6.398600528125036e+20,0.028793317308817016,574.7972326206386
858816,860832,19494.033333333333,9.669659391534392,580.1795634920635,89471664776970.77,6.623430026090902e+20,0.03453406762098398,570.2759151030087
860832,862848,21134.516666666666,10.483391203703704,629.0034722222222,92671576265161.06,6.327809096529417e+20,-0.045659304642570196,643.5844753385055
862848,864864,19386.183333333334,9.616162367724868,576.969742063492,88404402370999.9,6.580830662764399e+20,0.0392069159589038,565.8055203273736
864864,866880,19398.366666666665,9.622205687830688,577.3323412698412,92049594548485.47,6.84787547716855e+20,0.03977747693816591,566.0006744136341
866880,868896,18983.116666666665,9.416228505291004,564.9737103174602,95672703408223.94,7.273101823221782e+20,0.06024440639296372,548.2921231750521
868896,870912,20054.066666666666,9.947453703703703,596.8472222222222,101646843652785.2,7.314600001066788e+20,0.005689489720471188,595.1525595995352
870912,872928,19851.8,9.847123015873015,590.8273809523808,102289407543323.8,7.435837848571209e+20,0.016438912387893176,585.9976028250785
872928,874944,19319.5,9.583085317460318,574.985119047619,103919634711492.2,7.762486675088389e+20,0.04299146733260372,562.8006255789664
874944,876960,19942.116666666665,9.891922949735449,593.5153769841269,108522647629298.2,7.853229090905816e+20,0.011622065690062742,590.0797621619604
876960,878976,20046.233333333334,9.943568121693122,596.6140873015873,109782075598905.2,7.903105783453446e+20,0.006331022987399949,594.7294778169966
878976,880992,20601.033333333333,10.218766534391534,613.125992063492,110451907374649.5,7.73719163916665e+20,-0.021217034917542784,619.6765959574539
880992,883008,19090.233333333334,9.469361772486772,568.1617063492064,108105433845147.2,8.17213299833732e+20,0.054691167261859575,552.9044025149309
883008,885024,20816.516666666666,10.325653108465609,619.5391865079365,114167270716407.6,7.914667944805904e+20,-0.03201221189832737,629.5622640686333
885024,887040,19889.133333333335,9.865641534391536,591.9384920634922,110568428300952.7,8.02258663509545e+20,0.013543153151457009,587.948169398673
887040,889056,19876.933333333334,9.859589947089948,591.5753968253969,112149504190349.3,8.142300294180968e+20,0.014811838557468456,587.2157883369044
889056,891072,18874.733333333334,9.36246693121693,561.7480158730158,113757508810854.0,8.697579096167121e+20,0.06597199061358877,543.6190485307758
891072,893088,19883.183333333334,9.862690145502645,591.7614087301587,121507793131898.1,8.818959634939759e+20,0.013859185709860347,587.6796216071065
893088,895104,20866.6,10.350496031746031,621.0297619047619,123234387977050.9,8.522742363918755e+20,-0.034165745088803365,631.7605943992581
895104,897120,19741.716666666667,9.792518187830687,587.5510912698412,119116256505723.5,8.707335135883015e+20,0.02142762675193878,581.3009003823352
897120,899136,19319.566666666666,9.583118386243386,574.9871031746031,121658450774825.0,9.087491953732201e+20,0.042733167935433365,562.874738838452
899136,901152,20265.233333333334,10.052199074074075,603.1319444444445,126982285146989.3,9.042544784790486e+20,-0.004958319905822082,604.6296794006088
901152,903168,21816.533333333333,10.821693121693121,649.3015873015872,126411437451912.2,8.36179982175419e+20,-0.07826694392330519,675.3870954130946
903168,905184,18679.3,9.265525793650793,555.9315476190476,116958512019762.1,9.035878360656105e+20,0.0775294432704101,534.9273200567336
905184,907200,19953.916666666668,9.897776124338625,593.8665674603175,126271255279307.0,9.132201433207129e+20,0.010603649496084768,590.7290903573156
907200,909216,19896.616666666665,9.869353505291004,592.1612103174602,127620086886391.8,9.256332396306058e+20,0.013501114313334471,588.1817215302572
909216,911232,20154.866666666665,9.997453703703703,599.8472222222222,129435235580344.8,9.267694892511942e+20,0.0012267848080519984,599.4794309081678
911232,913248,19245.2,9.54623015873016,572.7738095238095,129699156960680.9,9.725543106239728e+20,0.04822104884862108,559.1832578107317
913248,915264,19274.3,9.560664682539683,573.639880952381,136039872848261.3,1.0185602923304831e+21,0.046219510764160164,560.5851043640205
915264,917280,19029.75,9.439360119047619,566.3616071428571,142342602928674.9,1.0794460936190649e+21,0.05805788117621513,550.2343388470568
917280,919296,20768.55,10.30186011904762,618.1116071428571,150839487445890.5,1.0481127648129926e+21,-0.029456853168677587,627.3054706318759
919296,921312,18969.116666666665,9.40928406084656,564.5570436507935,146716052770107.5,1.1161682517871394e+21,0.0629104357228256,547.1653883077959
921312,923328,20655.616666666665,10.245841600529099,614.7504960317459,155973032196071.9,1.0897088764699266e+21,-0.023991041085728183,622.1840756353267
923328,925344,20566.3,10.201537698412698,612.0922619047619,152271405447597.4,1.0684675288627418e+21,-0.01968516890387926,618.1565585576421
925344,927360,20310.9,10.074851190476192,604.4910714285716,149301205959699.9,1.0607994512389463e+21,-0.0072025827153583645,606.6732558751265
927360,929376,20160.4,10.000198412698413,600.0119047619048,148195306640204.7,1.0608022780697038e+21,2.6648081196122826e-06,600.011105302922
929376,931392,20417.616666666665,10.127786044973544,607.6671626984127,148258433855481.3,1.0478847037543481e+21,-0.01225192360363624,611.4049579878526
931392,933408,20845.65,10.340104166666668,620.4062500000001,146472570619930.8,1.0140047760216039e+21,-0.03286594910674882,630.7139846565402
933408,935424,22705.383333333335,11.26259093915344,675.7554563492065,141668107417558.2,9.004143178241641e+20,-0.11880788368823943,717.5361074660301
